code,parent_code,section,name
01,A,A,"Растениеводство и животноводство, охота и предоставление соответствующих услуг в этих областях"
01.1,01,A,Выращивание однолетних культур
01.11,01.1,A,"Выращивание зерновых (кроме риса), зернобобовых культур и семян масличных культур"
01.11.1,01.11,A,Выращивание зерновых культур
01.11.11,01.11.1,A,Выращивание пшеницы
01.11.12,01.11.1,A,Выращивание ячменя
01.11.13,01.11.1,A,Выращивание ржи
01.11.14,01.11.1,A,Выращивание кукурузы
01.11.15,01.11.1,A,Выращивание овса
01.11.16,01.11.1,A,Выращивание гречихи
01.11.19,01.11.1,A,Выращивание прочих зерновых культур
01.11.2,01.11,A,Выращивание зернобобовых культур
01.11.3,01.11,A,Выращивание семян масличных культур
01.11.31,01.11.3,A,Выращивание семян подсолнечника
01.11.32,01.11.3,A,Выращивание семян рапса
01.11.33,01.11.3,A,Выращивание семян соевых бобов
01.11.39,01.11.3,A,Выращивание семян прочих масличных культур
01.12,01.1,A,Выращивание риса
01.13,01.1,A,"Выращивание овощей, бахчевых, корнеплодных и клубнеплодных культур, грибов и трюфелей"
01.13.1,01.13,A,Выращивание овощей
01.13.11,01.13.1,A,Выращивание овощей открытого грунта
01.13.12,01.13.1,A,Выращивание овощей защищенного грунта
01.13.2,01.13,A,Выращивание бахчевых культур
01.13.3,01.13,A,Выращивание столовых корнеплодных и клубнеплодных культур с высоким содержанием крахмала или инулина
01.13.31,01.13.3,A,Выращивание картофеля
01.13.39,01.13.3,A,Выращивание прочих столовых корнеплодных и клубнеплодных культур с высоким содержанием крахмала или инулина
01.13.4,01.13,A,"Выращивание семян овощных культур, за исключением семян сахарной свеклы"
01.13.5,01.13,A,Выращивание сахарной свеклы и семян сахарной свеклы
01.13.51,01.13.5,A,Выращивание сахарной свеклы
01.13.52,01.13.5,A,Выращивание семян сахарной свеклы
01.13.6,01.13,A,Выращивание грибов и трюфелей
01.13.9,01.13,A,"Выращивание овощей, не включенных в другие группировки"
01.14,01.1,A,Выращивание сахарного тростника
01.15,01.1,A,Выращивание табака и махорки
01.16,01.1,A,Выращивание волокнистых прядильных культур
01.16.1,01.16,A,Выращивание хлопчатника
01.16.2,01.16,A,Выращивание льна
01.16.3,01.16,A,Выращивание обыкновенной конопли
01.16.9,01.16,A,Выращивание прочих текстильных культур
01.19,01.1,A,Выращивание прочих однолетних культур
01.19.1,01.19,A,Выращивание однолетних кормовых культур
01.19.2,01.19,A,Цветоводство
01.19.21,01.19.2,A,Выращивание цветов в открытом и защищенном грунте
01.19.22,01.19.2,A,Выращивание семян цветов
01.19.3,01.19,A,Выращивание семян свеклы (кроме семян сахарной свеклы) и семян кормовых культур
01.19.9,01.19,A,"Выращивание прочих однолетних культур, не включенных в другие группировки"
01.2,01,A,Выращивание многолетних культур
01.21,01.2,A,Выращивание винограда
01.22,01.2,A,Выращивание тропических и субтропических культур
01.23,01.2,A,Выращивание цитрусовых культур
01.24,01.2,A,Выращивание семечковых и косточковых культур
01.25,01.2,A,"Выращивание прочих плодовых деревьев, кустарников и орехов"
01.25.1,01.25,A,Выращивание прочих плодовых и ягодных культур
01.25.2,01.25,A,Выращивание семян плодовых и ягодных культур
01.25.3,01.25,A,Выращивание орехоплодных культур
01.26,01.2,A,Выращивание плодов масличных культур
01.27,01.2,A,Выращивание культур для производства напитков
01.27.1,01.27,A,Выращивание чая
01.27.9,01.27,A,Выращивание прочих культур для производства напитков
01.28,01.2,A,"Выращивание специй, пряно-ароматических, эфиромасличных и лекарственных культур"
01.28.1,01.28,A,Выращивание пряностей
01.28.2,01.28,A,Выращивание хмеля
01.28.3,01.28,A,"Выращивание растений, используемых в основном в парфюмерии, фармации или в качестве инсектицидов, фунгицидов и для аналогичных целей"
01.29,01.2,A,Выращивание прочих многолетних культур
01.3,01,A,Выращивание рассады
01.30,01.3,A,Выращивание рассады
01.4,01,A,Животноводство
01.41,01.4,A,"Разведение молочного крупного рогатого скота, производство сырого молока"
01.41.1,01.41,A,Разведение молочного крупного рогатого скота
01.41.11,01.41.1,A,"Разведение молочного крупного рогатого скота, кроме племенного"
01.41.12,01.41.1,A,Разведение племенного молочного крупного рогатого скота
01.41.2,01.41,A,"Производство сырого коровьего молока и сырого молока прочего крупного рогатого скота (буйволов, яков и др.)"
01.41.21,01.41.2,A,Производство сырого коровьего молока
01.41.29,01.41.2,A,"Производство сырого молока прочего крупного рогатого скота (буйволов, яков и др.)"
01.42,01.4,A,"Разведение прочих пород крупного рогатого скота и буйволов, производство спермы"
01.42.1,01.42,A,"Разведение мясного и прочего крупного рогатого скота, включая буйволов, яков и др."
01.42.11,01.42.1,A,"Разведение мясного и прочего крупного рогатого скота, включая буйволов, яков и др., на мясо"
01.42.12,01.42.1,A,"Разведение племенного мясного и прочего крупного рогатого скота, включая буйволов, яков и др."
01.42.2,01.42,A,"Производство бычьей спермы, а также спермы буйволов, яков и др."
01.43,01.4,A,Разведение лошадей и прочих животных семейства лошадиных отряда непарнокопытных
01.43.1,01.43,A,"Разведение лошадей, ослов, мулов, лошаков"
01.43.2,01.43,A,Производство сырого кобыльего молока
01.43.3,01.43,A,Производство спермы жеребцов и ослов
01.44,01.4,A,Разведение верблюдов и прочих животных семейства верблюжьих
01.45,01.4,A,Разведение овец и коз
01.45.1,01.45,A,Разведение овец и коз
01.45.2,01.45,A,Производство сырого овечьего и козьего молока
01.45.3,01.45,A,Производство сырой (немытой) шерсти и волоса козы
01.45.4,01.45,A,Разведение племенных овец и коз
01.46,01.4,A,Разведение свиней
01.46.1,01.46,A,Выращивание и разведение свиней
01.46.11,01.46.1,A,Выращивание свиней на мясо
01.46.12,01.46.1,A,Разведение племенного поголовья свиней
01.46.2,01.46,A,Производство спермы хряков
01.47,01.4,A,Разведение сельскохозяйственной птицы
01.47.1,01.47,A,"Выращивание и разведение сельскохозяйственной птицы: кур, индеек, уток, гусей и цесарок"
01.47.11,01.47.1,A,Выращивание сельскохозяйственной птицы на мясо
01.47.12,01.47.1,A,Разведение племенной сельскохозяйственной птицы
01.47.2,01.47,A,Производство яиц сельскохозяйственной птицы
01.47.3,01.47,A,Деятельность инкубаторов для птицеводства
01.49,01.4,A,Разведение прочих животных
01.49.1,01.49,A,Пчеловодство
01.49.11,01.49.1,A,Пчеловодство медового направления
01.49.12,01.49.1,A,Пчеловодство опылительного направления
01.49.13,01.49.1,A,Пчеловодство разведенческого направления
01.49.2,01.49,A,Разведение кроликов и прочих пушных зверей на фермах
01.49.21,01.49.2,A,"Разведение кроликов, производство тонкого волоса кроликов на фермах"
01.49.22,01.49.2,A,Разведение прочих пушных зверей на фермах
01.49.3,01.49,A,Разведение шелкопряда
01.49.31,01.49.3,A,Производство грен шелкопряда
01.49.32,01.49.3,A,Производство коконов шелкопряда
01.49.4,01.49,A,Разведение оленей
01.49.41,01.49.4,A,Разведение домашних северных оленей
01.49.42,01.49.4,A,"Разведение пятнистых оленей, ланей"
01.49.43,01.49.4,A,"Разведение благородных оленей (европейских, кавказских, маралов, изюбрей)"
01.49.44,01.49.4,A,"Производство пантов северных оленей, пятнистых оленей, благородных оленей (европейских, кавказских, маралов, изюбрей), ланей"
01.49.5,01.49,A,Разведение домашних животных
01.49.6,01.49,A,Разведение лабораторных животных
01.49.7,01.49,A,Разведение дождевых червей
01.49.9,01.49,A,"Разведение прочих животных, не включенных в другие группировки"
01.5,01,A,Смешанное сельское хозяйство
01.50,01.5,A,Смешанное сельское хозяйство
01.6,01,A,Деятельность вспомогательная в области производства сельскохозяйственных культур и послеуборочной обработки сельхозпродукции
01.61,01.6,A,Предоставление услуг в области растениеводства
01.62,01.6,A,Предоставление услуг в области животноводства
01.63,01.6,A,Деятельность сельскохозяйственная после сбора урожая
01.64,01.6,A,Обработка семян для посадки
01.7,01,A,"Охота, отлов и отстрел диких животных, включая предоставление услуг в этих областях"
01.70,01.7,A,"Охота, отлов и отстрел диких животных, включая предоставление услуг в этих областях"
02,A,A,Лесоводство и лесозаготовки
02.1,02,A,Лесоводство и прочая лесохозяйственная деятельность
02.10,02.1,A,Лесоводство и прочая лесохозяйственная деятельность
02.10.1,02.10,A,Деятельность лесопитомников
02.10.11,02.10.1,A,"Выращивание посадочного материала лесных растений (саженцев, сеянцев)"
02.10.19,02.10.1,A,Выращивание прочей продукции лесопитомниками
02.10.2,02.10,A,Деятельность лесохозяйственная прочая
02.2,02,A,Лесозаготовки
02.20,02.2,A,Лесозаготовки
02.3,02,A,"Сбор и заготовка пищевых лесных ресурсов, недревесных лесных ресурсов и лекарственных растений"
02.30,02.3,A,"Сбор и заготовка пищевых лесных ресурсов, недревесных лесных ресурсов и лекарственных растений"
02.30.1,02.30,A,Сбор и заготовка пищевых лесных ресурсов
02.30.11,02.30.1,A,Сбор и заготовка дикорастущих грибов
02.30.12,02.30.1,A,"Сбор и заготовка дикорастущих плодов, ягод"
02.30.13,02.30.1,A,Сбор и заготовка дикорастущих орехов
02.30.14,02.30.1,A,Сбор лекарственных растений
02.30.2,02.30,A,Сбор и заготовка недревесных лесных ресурсов
02.4,02,A,Предоставление услуг в области лесоводства и лесозаготовок
02.40,02.4,A,Предоставление услуг в области лесоводства и лесозаготовок
02.40.1,02.40,A,Предоставление услуг в области лесоводства
02.40.2,02.40,A,Предоставление услуг в области лесозаготовок
03,A,A,Рыболовство и рыбоводство
03.1,03,A,Рыболовство
03.11,03.1,A,Рыболовство морское
03.11.1,03.11,A,Рыболовство морское промышленное
03.11.2,03.11,A,Рыболовство морское прибрежное
03.11.3,03.11,A,Рыболовство в научно-исследовательских и контрольных целях
03.11.4,03.11,A,Рыболовство в учебных и культурно-просветительских целях
03.11.5,03.11,A,Рыболовство морское в целях аквакультуры (рыбоводства)
03.12,03.1,A,Рыболовство пресноводное
03.12.1,03.12,A,Рыболовство пресноводное промышленное
03.12.2,03.12,A,Рыболовство пресноводное в целях аквакультуры (рыбоводства)
03.12.3,03.12,A,Рыболовство любительское и спортивное
03.12.4,03.12,A,"Рыболовство в целях обеспечения ведения традиционного образа жизни и осуществления традиционной хозяйственной деятельности коренных малочисленных народов Севера, Сибири и Дальнего Востока Российской Федерации"
03.2,03,A,Рыбоводство
03.21,03.2,A,Рыбоводство морское
03.21.1,03.21,A,Рыбоводство морское индустриальное
03.21.2,03.21,A,Рыбоводство морское пастбищное
03.21.3,03.21,A,Мелиорация рыбохозяйственная морских и минерализированных водных объектов
03.21.4,03.21,A,Воспроизводство морских биоресурсов искусственное
03.21.5,03.21,A,Акклиматизация морских биоресурсов
03.21.9,03.21,A,Деятельность по морскому рыбоводству прочая
03.22,03.2,A,Рыбоводство пресноводное
03.22.1,03.22,A,Рыбоводство пресноводное индустриальное
03.22.2,03.22,A,Рыбоводство пресноводное пастбищное
03.22.3,03.22,A,Рыбоводство прудовое
03.22.4,03.22,A,Мелиорация рыбохозяйственная пресноводных объектов
03.22.5,03.22,A,Воспроизводство пресноводных биоресурсов искусственное
03.22.6,03.22,A,Акклиматизация пресноводных биоресурсов
03.22.9,03.22,A,Деятельность по пресноводному рыбоводству прочая
05,B,B,Добыча угля
05.1,05,B,Добыча и обогащение угля и антрацита
05.10,05.1,B,Добыча и обогащение угля и антрацита
05.10.1,05.10,B,Добыча угля и антрацита
05.10.11,05.10.1,B,Добыча антрацита открытым способом
05.10.12,05.10.1,B,Добыча коксующегося угля открытым способом
05.10.13,05.10.1,B,"Добыча угля, за исключением антрацита, угля коксующегося и угля бурого, открытым способом"
05.10.14,05.10.1,B,Добыча антрацита подземным способом
05.10.15,05.10.1,B,Добыча коксующегося угля подземным способом
05.10.16,05.10.1,B,"Добыча угля, за исключением антрацита, угля коксующегося и угля бурого, подземным способом"
05.10.2,05.10,B,Обогащение угля
05.10.21,05.10.2,B,Обогащение антрацита
05.10.22,05.10.2,B,Обогащение коксующегося угля
05.10.23,05.10.2,B,"Обогащение угля, кроме антрацита, угля коксующегося и угля бурого"
05.2,05,B,Добыча и обогащение бурого угля (лигнита)
05.20,05.2,B,Добыча и обогащение бурого угля (лигнита)
05.20.1,05.20,B,Добыча бурого угля (лигнита)
05.20.11,05.20.1,B,Добыча бурого угля (лигнита) открытым способом
05.20.12,05.20.1,B,Добыча бурого угля (лигнита) подземным способом
05.20.2,05.20,B,Обогащение бурого угля (лигнита)
06,B,B,Добыча нефти и природного газа
06.1,06,B,Добыча нефти и нефтяного (попутного) газа
06.10,06.1,B,Добыча нефти и нефтяного (попутного) газа
06.10.1,06.10,B,Добыча нефти
06.10.2,06.10,B,"Добыча горючих (битуминозных) сланцев, песка и озокерита"
06.10.3,06.10,B,Добыча нефтяного (попутного) газа
06.2,06,B,Добыча природного газа и газового конденсата
06.20,06.2,B,Добыча природного газа и газового конденсата
06.20.1,06.20,B,Добыча природного газа
06.20.2,06.20,B,Добыча газового конденсата
07,B,B,Добыча металлических руд
07.1,07,B,Добыча и обогащение железных руд
07.10,07.1,B,Добыча и обогащение железных руд
07.10.1,07.10,B,Добыча железных руд подземным способом
07.10.2,07.10,B,Добыча железных руд открытым способом
07.10.3,07.10,B,Обогащение и агломерация железных руд
07.2,07,B,Добыча руд цветных металлов
07.21,07.2,B,Добыча урановой и ториевой руд
07.21.1,07.21,B,Добыча и первичное обогащение урановых руд
07.21.11,07.21.1,B,"Добыча урановых руд подземным способом, включая способы подземного и кучного выщелачивания"
07.21.12,07.21.1,B,"Добыча урановых руд открытым способом, включая способ кучного выщелачивания"
07.21.2,07.21,B,Добыча и первичное обогащение ториевых руд
07.29,07.2,B,Добыча руд прочих цветных металлов
07.29.1,07.29,B,Добыча и обогащение медной руды
07.29.2,07.29,B,Добыча и обогащение никелевой и кобальтовой руд
07.29.21,07.29.2,B,Добыча и обогащение никелевой руды
07.29.22,07.29.2,B,Добыча и обогащение кобальтовой руды
07.29.3,07.29,B,Добыча и обогащение алюминийсодержащего сырья (бокситов и нефелин-апатитовых руд)
07.29.31,07.29.3,B,Добыча алюминийсодержащего сырья подземным способом
07.29.32,07.29.3,B,Добыча алюминийсодержащего сырья открытым способом
07.29.33,07.29.3,B,Обогащение нефелин-апатитовых руд
07.29.4,07.29,B,Добыча руд и песков драгоценных металлов и руд редких металлов
07.29.41,07.29.4,B,"Добыча руд и песков драгоценных металлов (золота, серебра и металлов платиновой группы)"
07.29.42,07.29.4,B,"Добыча и обогащение руд редких металлов (циркония, тантала, ниобия и т. п.)"
07.29.5,07.29,B,Добыча и обогащение свинцово-цинковой руды
07.29.6,07.29,B,Добыча и обогащение оловянной руды
07.29.7,07.29,B,Добыча и обогащение титаномагниевого сырья
07.29.8,07.29,B,Добыча и обогащение вольфраммолибденовой руды
07.29.9,07.29,B,Добыча и обогащение руд прочих цветных металлов
07.29.91,07.29.9,B,Добыча и обогащение сурьмяно-ртутных руд
07.29.92,07.29.9,B,Добыча и обогащение марганцевых руд
07.29.93,07.29.9,B,Добыча и обогащение хромовых (хромитовых) руд
07.29.99,07.29.9,B,"Добыча и обогащение руд прочих цветных металлов, не включенных в другие группировки"
08,B,B,Добыча прочих полезных ископаемых
08.1,08,B,"Добыча камня, песка и глины"
08.11,08.1,B,"Добыча декоративного и строительного камня, известняка, гипса, мела и сланцев"
08.11.1,08.11,B,Добыча и первичная обработка камня для памятников и строительства
08.11.2,08.11,B,Добыча и первичная обработка известняка и гипсового камня
08.11.3,08.11,B,Добыча мела и некальцинированного доломита
08.11.4,08.11,B,Добыча и первичная обработка сланцев
08.12,08.1,B,"Разработка гравийных и песчаных карьеров, добыча глины и каолина"
08.12.1,08.12,B,Разработка гравийных и песчаных карьеров
08.12.2,08.12,B,Добыча глины и каолина
08.9,08,B,"Добыча полезных ископаемых, не включенных в другие группировки"
08.91,08.9,B,Добыча минерального сырья для химической промышленности и производства минеральных удобрений
08.92,08.9,B,Добыча и агломерация торфа
08.92.1,08.92,B,Добыча торфа
08.92.2,08.92,B,Агломерация торфа
08.93,08.9,B,Добыча соли
08.99,08.9,B,"Добыча прочих полезных ископаемых, не включенных в другие группировки"
08.99.1,08.99,B,"Добыча природного асфальта, асфальтитов и битумных пород"
08.99.2,08.99,B,"Добыча абразивных материалов, асбеста, кремнеземистой каменной муки, природных графитов, мыльного камня (талька), полевого шпата и т. д."
08.99.21,08.99.2,B,"Добыча природных абразивов, кроме алмазов"
08.99.22,08.99.2,B,Добыча вермикулита
08.99.23,08.99.2,B,Добыча асбеста хризотилового
08.99.3,08.99,B,"Добыча драгоценных камней, кварца, слюды, мусковита и т. д."
08.99.31,08.99.3,B,"Добыча драгоценных и полудрагоценных камней, кроме алмазов"
08.99.32,08.99.3,B,Добыча алмазов
08.99.33,08.99.3,B,Добыча мусковита
08.99.34,08.99.3,B,Добыча пьезокварца
08.99.35,08.99.3,B,Добыча гранулированного кварца
08.99.36,08.99.3,B,Добыча слюды
09,B,B,Предоставление услуг в области добычи полезных ископаемых
09.1,09,B,Предоставление услуг в области добычи нефти и природного газа
09.10,09.1,B,Предоставление услуг в области добычи нефти и природного газа
09.10.1,09.10,B,"Предоставление услуг по бурению, связанному с добычей нефти, газа и газового конденсата"
09.10.2,09.10,B,"Предоставление услуг по монтажу, ремонту и демонтажу буровых вышек"
09.10.3,09.10,B,Предоставление услуг по доразведке месторождений нефти и газа на особых экономических условиях (по соглашению о разделе продукции - СРП)
09.10.4,09.10,B,Сжижение и обогащение природного газа на месте добычи для последующей транспортировки
09.10.9,09.10,B,Предоставление прочих услуг в области добычи нефти и природного газа
09.9,09,B,Предоставление услуг в других областях добычи полезных ископаемых
09.90,09.9,B,Предоставление услуг в других областях добычи полезных ископаемых
10,C,C,Производство пищевых продуктов
10.1,10,C,Переработка и консервирование мяса и мясной пищевой продукции
10.11,10.1,C,Переработка и консервирование мяса
10.11.1,10.11,C,Производство мяса в охлажденном виде
10.11.2,10.11,C,Производство пищевых субпродуктов в охлажденном виде
10.11.3,10.11,C,Производство мяса и пищевых субпродуктов в замороженном виде
10.11.4,10.11,C,"Производство щипаной шерсти, сырых шкур и кож крупного рогатого скота, животных семейств лошадиных и оленевых, овец и коз"
10.11.5,10.11,C,Производство животных жиров
10.11.6,10.11,C,"Производство субпродуктов, непригодных для употребления в пищу"
10.12,10.1,C,Производство и консервирование мяса птицы
10.12.1,10.12,C,Производство мяса птицы в охлажденном виде
10.12.2,10.12,C,Производство мяса птицы в замороженном виде
10.12.3,10.12,C,Производство жиров домашней птицы
10.12.4,10.12,C,"Производство субпродуктов домашней птицы, пригодных для употребления в пищу"
10.12.5,10.12,C,Производство пера и пуха
10.13,10.1,C,Производство продукции из мяса убойных животных и мяса птицы
10.13.1,10.13,C,"Производство соленого, вареного, запеченого, копченого, вяленого и прочего мяса"
10.13.2,10.13,C,Производство колбасных изделий
10.13.3,10.13,C,Производство мясных (мясосодержащих) консервов
10.13.4,10.13,C,Производство мясных (мясосодержащих) полуфабрикатов
10.13.5,10.13,C,Производство кулинарных мясных (мясосодержащих) изделий
10.13.6,10.13,C,Производство прочей пищевой продукции из мяса или мясных пищевых субпродуктов
10.13.7,10.13,C,"Производство муки и гранул из мяса и мясных субпродуктов, непригодных для употребления в пищу"
10.13.9,10.13,C,Предоставление услуг по тепловой обработке и прочим способам переработки мясных продуктов
10.2,10,C,"Переработка и консервирование рыбы, ракообразных и моллюсков"
10.20,10.2,C,"Переработка и консервирование рыбы, ракообразных и моллюсков"
10.20.1,10.20,C,Переработка и консервирование рыбы
10.20.2,10.20,C,Переработка и консервирование ракообразных и моллюсков
10.20.3,10.20,C,Производство пищевой рыбной муки или муки для корма животных
10.20.4,10.20,C,"Производство муки грубого помола и растворимых компонентов из рыбы и прочих водных животных, непригодных для потребления человеком"
10.20.5,10.20,C,"Деятельность по обработке морских водорослей, в том числе морской капусты"
10.20.9,10.20,C,"Производство прочих продуктов из рыбы, ракообразных, моллюсков и прочих водных беспозвоночных, непригодных для употребления в пищу"
10.3,10,C,Переработка и консервирование фруктов и овощей
10.31,10.3,C,Переработка и консервирование картофеля
10.32,10.3,C,Производство соковой продукции из фруктов и овощей
10.39,10.3,C,Прочие виды переработки и консервирования фруктов и овощей
10.39.1,10.39,C,Переработка и консервирование овощей (кроме картофеля) и грибов
10.39.2,10.39,C,Переработка и консервирование фруктов и орехов
10.39.9,10.39,C,Предоставление услуг по тепловой обработке и прочим способам подготовки овощей и фруктов для консервирования
10.4,10,C,Производство растительных и животных масел и жиров
10.41,10.4,C,Производство масел и жиров
10.41.1,10.41,C,"Производство нерафинированных животных масел и жиров, их фракций"
10.41.2,10.41,C,Производство нерафинированных растительных масел и их фракций
10.41.21,10.41.2,C,Производство нерафинированного соевого масла и его фракций
10.41.22,10.41.2,C,Производство нерафинированного арахисового масла и его фракций
10.41.23,10.41.2,C,Производство нерафинированного оливкового масла и его фракций
10.41.24,10.41.2,C,Производство нерафинированного подсолнечного масла и его фракций
10.41.25,10.41.2,C,Производство нерафинированного хлопкового масла и его фракций
10.41.26,10.41.2,C,Производство нерафинированного рапсового сурепного и горчичного масла и их фракций
10.41.27,10.41.2,C,Производство нерафинированного пальмового масла и его фракций
10.41.28,10.41.2,C,Производство нерафинированного кокосового масла и его фракций
10.41.29,10.41.2,C,Производство прочих нерафинированных растительных масел и их фракций
10.41.3,10.41,C,Производство хлопкового линта
10.41.4,10.41,C,Производство жмыха и муки тонкого и грубого помола из семян или плодов масличных культур
10.41.5,10.41,C,Производство рафинированных растительных масел и их фракций
10.41.51,10.41.5,C,Производство рафинированного соевого масла и его фракций
10.41.52,10.41.5,C,Производство рафинированного арахисового масла и его фракций
10.41.53,10.41.5,C,Производство рафинированного оливкового масла и его фракций
10.41.54,10.41.5,C,Производство рафинированного подсолнечного масла и его фракций
10.41.55,10.41.5,C,Производство рафинированного хлопкового масла и его фракций
10.41.56,10.41.5,C,"Производство рафинированного рапсового, сурепного, горчичного масел и их фракций"
10.41.57,10.41.5,C,Производство рафинированного пальмового масла и его фракций
10.41.58,10.41.5,C,Производство рафинированного кокосового масла и его фракций
10.41.59,10.41.5,C,Производство прочих рафинированных растительных масел и их фракций
10.41.6,10.41,C,Производство гидрогенизированных и переэтерифицированных животных и растительных жиров и масел и их фракций
10.41.7,10.41,C,Производство растительных восков и дегры
10.42,10.4,C,Производство маргариновой продукции
10.5,10,C,Производство молочной продукции
10.51,10.5,C,Производство молока (кроме сырого) и молочной продукции
10.51.1,10.51,C,Производство питьевого молока и питьевых сливок
10.51.2,10.51,C,"Производство сливочного масла, топленого масла, масляной пасты, молочного жира, спредов и топленых сливочно-растительных смесей"
10.51.3,10.51,C,Производство сыра и сырных продуктов
10.51.4,10.51,C,Производство молока и сливок в твердой форме
10.51.9,10.51,C,Производство прочей молочной продукции
10.52,10.5,C,Производство мороженого
10.6,10,C,"Производство продуктов мукомольной и крупяной промышленности, крахмала и крахмалосодержащих продуктов"
10.61,10.6,C,Производство продуктов мукомольной и крупяной промышленности
10.61.1,10.61,C,Производство обработанного риса
10.61.2,10.61,C,Производство муки из зерновых культур
10.61.3,10.61,C,Производство крупы и гранул из зерновых культур
10.61.4,10.61,C,"Производство мучных смесей и приготовление мучных смесей или теста для хлеба, тортов, бисквитов и блинов"
10.62,10.6,C,Производство крахмала и крахмалосодержащих продуктов
10.62.1,10.62,C,Производство крахмала
10.62.2,10.62,C,Производство нерафинированного кукурузного масла и его фракций
10.62.3,10.62,C,Производство рафинированного кукурузного масла и его фракций
10.62.9,10.62,C,Производство прочих крахмалосодержащих продуктов
10.7,10,C,Производство хлебобулочных и мучных кондитерских изделий
10.71,10.7,C,"Производство хлеба и мучных кондитерских изделий, тортов и пирожных недлительного хранения"
10.71.1,10.71,C,Производство хлеба и хлебобулочных изделий недлительного хранения
10.71.2,10.71,C,"Производство мучных кондитерских изделий, тортов и пирожных недлительного хранения"
10.71.3,10.71,C,Производство охлажденных хлебобулочных полуфабрикатов
10.72,10.7,C,"Производство сухарей, печенья и прочих сухарных хлебобулочных изделий, производство мучных кондитерских изделий, тортов, пирожных, пирогов и бисквитов, предназначенных для длительного хранения"
10.72.1,10.72,C,"Производство хрустящих хлебцев, сухарей и прочих сухарных хлебобулочных изделий"
10.72.2,10.72,C,Производство тортов и пирожных длительного хранения
10.72.3,10.72,C,Производство прочих мучных кондитерских изделий длительного хранения
10.72.31,10.72.3,C,Производство печенья
10.72.32,10.72.3,C,Производство пряников и коврижек
10.72.33,10.72.3,C,Производство вафель
10.72.34,10.72.3,C,Производство галет и крекеров
10.72.35,10.72.3,C,"Производство кексов, рулетов и аналогичных изделий длительного хранения"
10.72.39,10.72.3,C,Производство восточных сладостей и прочих мучных кондитерских изделий
10.72.4,10.72,C,Производство замороженных хлебобулочных полуфабрикатов
10.73,10.7,C,Производство макаронных изделий кускуса и аналогичных мучных изделий
10.73.1,10.73,C,Производство макаронных изделий
10.73.2,10.73,C,Производство кускуса
10.73.3,10.73,C,Производство консервированных или замороженных макаронных изделий
10.8,10,C,Производство прочих пищевых продуктов
10.81,10.8,C,Производство сахара
10.81.1,10.81,C,Производство сахара из сахарной свеклы и тростникового сырца
10.81.11,10.81.1,C,Производство сахара из сахарной свеклы
10.81.12,10.81.1,C,Производство сахара из тростникового сырца
10.81.2,10.81,C,Производство сахарного сиропа
10.81.3,10.81,C,Производство мелассы
10.82,10.8,C,"Производство какао, шоколада и сахаристых кондитерских изделий"
10.82.1,10.82,C,"Производство какао, масла какао, жира какао, растительного масла какао, порошка какао"
10.82.2,10.82,C,Производство шоколада и сахаристых кондитерских изделий
10.82.3,10.82,C,Производство кондитерских изделий из сахара
10.82.4,10.82,C,Производство жевательной резинки
10.82.5,10.82,C,"Производство засахаренных фруктов, орехов, цукатов из кожуры и прочих частей растений"
10.82.6,10.82,C,Производство кондитерских леденцов и пастилок
10.83,10.8,C,Производство чая и кофе
10.84,10.8,C,Производство приправ и пряностей
10.85,10.8,C,Производство готовых пищевых продуктов и блюд
10.86,10.8,C,Производство детского питания и диетических пищевых продуктов
10.86.1,10.86,C,Производство молока и молочных продуктов для детского питания
10.86.11,10.86.1,C,Производство молока и молочных продуктов для детей раннего возраста
10.86.12,10.86.1,C,Производство молока и молочных продуктов для детей дошкольного и школьного возраста
10.86.2,10.86,C,Производство соковой продукции из фруктов и овощей для детского питания
10.86.3,10.86,C,"Производство мясной продукции для детского питания, в том числе из мяса птицы"
10.86.4,10.86,C,Производство продуктов на злаковой основе для детского питания
10.86.5,10.86,C,Производство продуктов детского питания профилактического и лечебного назначения
10.86.6,10.86,C,"Производство специализированной пищевой продукции, в том числе диетических пищевых продуктов"
10.86.61,10.86.6,C,Производство пищевой продукции диетического и диабетического питания
10.86.62,10.86.6,C,Производство пищевой продукции для питания спортсменов
10.86.63,10.86.6,C,Производство пищевой продукции для питания беременных и кормящих женщин
10.86.64,10.86.6,C,Производство пищевой продукции энтерального питания
10.86.69,10.86.6,C,Производство прочих диетических пищевых продуктов
10.86.7,10.86,C,"Производство воды питьевой, напитков безалкогольных для детского питания"
10.86.8,10.86,C,Производство рыбной продукции для детского питания
10.86.9,10.86,C,Производство хлебобулочных и кондитерских изделий для детского питания
10.89,10.8,C,"Производство прочих пищевых продуктов, не включенных в другие группировки"
10.89.1,10.89,C,Производство супов и бульонов
10.89.2,10.89,C,"Производство скоропортящихся продуктов, таких как: сэндвичи и свежая пицца (полуфабрикат)"
10.89.3,10.89,C,"Производство растительных соков и экстрактов, пептических веществ, растительных клеев и загустителей"
10.89.4,10.89,C,Производство пищевых ферментов
10.89.5,10.89,C,Производство искусственного меда и карамели
10.89.6,10.89,C,"Переработка меда (темперирование, фильтрация, декристаллизация и смешивание меда)"
10.89.7,10.89,C,Производство рационов питания и пайков
10.89.8,10.89,C,Производство биологически активных добавок к пище
10.89.9,10.89,C,"Производство прочих продуктов питания, не включенных в другие группировки"
10.9,10,C,Производство готовых кормов для животных
10.91,10.9,C,"Производство готовых кормов для животных, содержащихся на фермах"
10.91.1,10.91,C,"Производство готовых кормов (смешанных и несмешанных), кроме муки и гранул из люцерны, для животных, содержащихся на фермах"
10.91.2,10.91,C,Производство муки грубого помола и гранул из люцерны
10.91.3,10.91,C,"Производство кормового микробиологического белка, премиксов, кормовых витаминов, антибиотиков, аминокислот и ферментов"
10.92,10.9,C,Производство готовых кормов для непродуктивных животных
11,C,C,Производство напитков
11.0,11,C,Производство напитков
11.01,11.0,C,"Перегонка, очистка и смешивание спиртов"
11.01.1,11.01,C,"Производство дистиллированных питьевых алкогольных напитков: водки, виски, бренди, джина, ликеров и т. п."
11.01.2,11.01,C,"Производство напитков, смешанных с дистиллированными алкогольными напитками"
11.01.3,11.01,C,Смешивание дистиллированных спиртов
11.01.4,11.01,C,Производство пищевого спирта
11.02,11.0,C,Производство вина из винограда
11.03,11.0,C,Производство сидра и прочих плодовых вин
11.04,11.0,C,Производство прочих недистиллированных напитков из сброженных материалов
11.05,11.0,C,Производство пива
11.06,11.0,C,Производство солода
11.07,11.0,C,"Производство безалкогольных напитков; производство упакованных питьевых вод, включая минеральные воды. Эта группировка не включает: - производство воды питьевой, напитков безалкогольных для детского питания, см. 10.86.7"
11.07.1,11.07,C,"Производство упакованных питьевых вод, включая минеральные воды"
11.07.11,11.07.1,C,Производство упакованных природных минеральных вод
11.07.12,11.07.1,C,Производство упакованных природных питьевых вод
11.07.13,11.07.1,C,Производство упакованных обработанных питьевых вод
11.07.14,11.07.1,C,Производство упакованных купажированных питьевых вод
11.07.15,11.07.1,C,Производство упакованных искусственно минерализованных питьевых вод
11.07.2,11.07,C,"Производство безалкогольных напитков ароматизированных и/или с добавлением сахара, кроме минеральных вод"
12,C,C,Производство табачных изделий
12.0,12,C,Производство табачных изделий
12.00,12.0,C,Производство табачных изделий
12.00.1,12.00,C,"Производство изделий из табака и махорки: сигарет, папирос, сигар, сигарилл, курительного тонкорезаного табака, трубочного табака, жевательного табака, сосательного табака, нюхательного табака, табака для кальяна, курительной и нюхательной махорки"
12.00.2,12.00,C,Производство гомогенизированного или восстановленного табака
12.00.3,12.00,C,Стрипсование (удаление главной жилки) и редраинг-обработка табака
13,C,C,Производство текстильных изделий
13.1,13,C,Подготовка и прядение текстильных волокон
13.10,13.1,C,Подготовка и прядение текстильных волокон
13.10.1,13.10,C,Прядение хлопчатобумажных волокон
13.10.2,13.10,C,Прядение кардное шерстяных волокон
13.10.3,13.10,C,Прядение гребенное шерстяных волокон
13.10.4,13.10,C,Прядение льняных волокон
13.10.5,13.10,C,"Изготовление натуральных шелковых, искусственных и синтетических волокон"
13.10.6,13.10,C,Производство швейных ниток
13.10.9,13.10,C,Подготовка и прядение прочих текстильных волокон
13.2,13,C,Производство текстильных тканей
13.20,13.2,C,Производство текстильных тканей
13.20.1,13.20,C,"Производство тканей (без специальных тканей) из натуральных волокон, кроме хлопка"
13.20.11,13.20.1,C,Производство шелковых тканей
13.20.12,13.20.1,C,Производство шерстяных тканей
13.20.13,13.20.1,C,Производство льняных тканей
13.20.14,13.20.1,C,Производство тканей из джутовых и прочих лубяных текстильных волокон
13.20.19,13.20.1,C,Производство ткани из прочих растительных текстильных волокон; ткани из бумажной пряжи
13.20.2,13.20,C,Производство хлопчатобумажных тканей
13.20.3,13.20,C,"Производство тканей, за исключением специальных тканей, из химических комплексных нитей и штапельных волокон"
13.20.4,13.20,C,"Производство ворсовых, махровых полотенечных тканей и прочих специальных тканей"
13.20.41,13.20.4,C,Производство ворсовых тканей и ткани из синели
13.20.42,13.20.4,C,Производство хлопчатобумажных махровых полотенечных тканей
13.20.43,13.20.4,C,Производство прочих махровых полотенечных и аналогичных махровых тканей
13.20.44,13.20.4,C,Производство марли
13.20.45,13.20.4,C,Производство ворсовых тканей
13.20.46,13.20.4,C,Производство тканей из стекловолокна
13.20.5,13.20,C,Производство искусственного меха ткацким способом
13.20.6,13.20,C,Производство арамидных нитей и волокна
13.3,13,C,Отделка тканей и текстильных изделий
13.30,13.3,C,Отделка тканей и текстильных изделий
13.30.1,13.30,C,"Отбеливание и окрашивание текстиля, волокон, тканей и текстильных изделий, включая готовую одежду"
13.30.2,13.30,C,"Аппретирование, сушка, обработка паром, декатировка, противоусадочная отделка, смягчение тканей и текстильных изделий, включая готовую одежду"
13.30.3,13.30,C,Плиссировка и подобные работы на текстильных материалах
13.30.4,13.30,C,"Нанесение водозащитного слоя, специальных покрытий, прорезинивание, пропитка приобретенной одежды"
13.30.5,13.30,C,Нанесение рисунка на текстильные изделия и готовую одежду
13.9,13,C,Производство прочих текстильных изделий
13.91,13.9,C,Производство трикотажного и вязаного полотна
13.91.1,13.91,C,Производство и обработка трикотажного или вязаного полотна
13.91.2,13.91,C,Производство искусственного меха методом вязания
13.92,13.9,C,"Производство готовых текстильных изделий, кроме одежды"
13.92.1,13.92,C,"Производство готовых текстильных изделий, кроме одежды"
13.92.2,13.92,C,"Пошив готовых текстильных изделий по индивидуальному заказу населения, кроме одежды"
13.93,13.9,C,Производство ковров и ковровых изделий
13.94,13.9,C,"Производство канатов, веревок, шпагата и сетей"
13.94.1,13.94,C,"Производство шпагата, канатов, веревок и тросов из текстильных волокон и лент, с пропиткой и без пропитки, с покрытием, защищенных или не защищенных оболочкой из резины или пластмассы"
13.94.2,13.94,C,"Производство изделий из веревки и сетного полотна: рыболовных сетей, предохранительных сеток на судах, защитных средств, используемых при погрузочно-разгрузочных работах, стропов, веревок или тросов с металлическими кольцами"
13.95,13.9,C,"Производство нетканых текстильных материалов и изделий из них, кроме одежды"
13.96,13.9,C,Производство прочих технических и промышленных текстильных изделий
13.96.1,13.96,C,Производство металлизированной пряжи или металлизированной позументной тесьмы
13.96.2,13.96,C,Производство ткани из металлической нити и ткани из металлизированной пряжи
13.96.3,13.96,C,"Производство резиновых нитей и шнуров с текстильным покрытием; производство текстильных нитей и лент, пропитанных или с пластмассовым или резиновым покрытием"
13.96.4,13.96,C,"Производство текстильных материалов, пропитанных или с покрытием"
13.96.5,13.96,C,Производство кордных тканей
13.96.6,13.96,C,"Производство текстильных материалов и изделий технического назначения (включая фитили, калильные сетки газовых фонарей, текстильные шланги, конвейерные ленты и приводные ремни, ситовые ткани и фильтровальные ткани)"
13.96.7,13.96,C,"Производство узких текстильных тканей, в том числе состоящих из основы безуточного переплетения и соединяемых клеящим веществом"
13.99,13.9,C,"Производство прочих текстильных изделий, не включенных в другие группировки"
13.99.1,13.99,C,"Производство кружевного сетчатого и гардинно-тюлевого полотна, а также кружев и вышитых изделий, в кусках, в форме полос или отдельных вышивок"
13.99.2,13.99,C,Производство фетра и войлока
13.99.3,13.99,C,Производство ваты из текстильных материалов
13.99.4,13.99,C,"Изготовление прочих текстильных изделий по индивидуальному заказу населения, не включенных в другие группировки"
13.99.9,13.99,C,"Производство текстильных изделий различного назначения, не включенных в другие группировки"
14,C,C,Производство одежды
14.1,14,C,"Производство одежды, кроме одежды из меха"
14.11,14.1,C,Производство одежды из кожи
14.11.1,14.11,C,"Производство одежды из кожи, кроме изготовленных по индивидуальному заказу"
14.11.2,14.11,C,Пошив одежды из кожи по индивидуальному заказу населения
14.12,14.1,C,Производство спецодежды
14.12.1,14.12,C,"Производство спецодежды, кроме изготовленных по индивидуальному заказу"
14.12.2,14.12,C,Пошив производственной одежды по индивидуальному заказу населения
14.13,14.1,C,Производство прочей верхней одежды
14.13.1,14.13,C,Производство верхней трикотажной или вязаной одежды
14.13.11,14.13.1,C,Производство верхней трикотажной или вязаной одежды для мужчин или мальчиков
14.13.12,14.13.1,C,Производство верхней трикотажной или вязаной одежды для женщин или девочек
14.13.2,14.13,C,"Производство верхней одежды из текстильных материалов, кроме трикотажных или вязаных"
14.13.21,14.13.2,C,"Производство верхней одежды из текстильных материалов, кроме трикотажных или вязаных, для мужчин или мальчиков"
14.13.22,14.13.2,C,"Производство верхней одежды из текстильных материалов, кроме трикотажных или вязаных, для женщин или девочек"
14.13.3,14.13,C,Пошив и вязание прочей верхней одежды по индивидуальному заказу населения
14.14,14.1,C,Производство нательного белья
14.14.1,14.14,C,Производство трикотажного и вязаного нательного белья
14.14.11,14.14.1,C,Производство трикотажных или вязаных рубашек для мужчин или для мальчиков
14.14.12,14.14.1,C,Производство маек и прочего трикотажного или вязаного нательного белья для мужчин или мальчиков
14.14.13,14.14.1,C,"Производство трикотажных или вязаных блузок, рубашек и батников для женщин или для девочек"
14.14.14,14.14.1,C,Производство маек и прочего трикотажного или вязаного нательного белья для женщин или для девочек
14.14.2,14.14,C,Производство нательного белья из тканей
14.14.21,14.14.2,C,"Производство рубашек из текстильных материалов, кроме трикотажных или вязаных, для мужчин или для мальчиков"
14.14.22,14.14.2,C,"Производство маек и прочего нательного белья из текстильных материалов, кроме трикотажных или вязаных, для мужчин или для мальчиков"
14.14.23,14.14.2,C,"Производство блузок, рубашек и батников из текстильных материалов, кроме трикотажных или вязаных, для женщин или для девочек"
14.14.24,14.14.2,C,"Производство маек и прочего нательного белья из текстильных материалов, кроме трикотажных или вязаных, для женщин или для девочек"
14.14.25,14.14.2,C,"Производство бюстгальтеров, поясов, корсетов и аналогичных изделий, и их частей из любого текстильного материала, включая трикотажные или вязаные"
14.14.3,14.14,C,"Производство трикотажных или вязаных футболок, маек и прочих нижних рубашек"
14.14.4,14.14,C,Пошив нательного белья по индивидуальному заказу населения
14.19,14.1,C,Производство прочей одежды и аксессуаров одежды
14.19.1,14.19,C,"Производство трикотажной или вязаной одежды для детей младшего возраста, спортивной или прочей одежды, аксессуаров и деталей одежды"
14.19.11,14.19.1,C,Производство трикотажных или вязаных одежды и аксессуаров одежды для детей младшего возраста
14.19.12,14.19.1,C,"Производство спортивных костюмов, лыжных костюмов, купальных костюмов и прочей трикотажной или вязаной одежды"
14.19.13,14.19.1,C,"Производство трикотажных или вязаных перчаток, рукавиц (варежек) и митенок"
14.19.19,14.19.1,C,"Производство прочих трикотажных или вязаных аксессуаров одежды, в том числе платков, шарфов, галстуков и прочих аналогичных изделий"
14.19.2,14.19,C,"Производство одежды для детей младшего возраста, спортивной или прочей одежды и аксессуаров одежды из текстильных материалов, кроме трикотажных или вязаных"
14.19.21,14.19.2,C,"Производство одежды и аксессуаров одежды для детей младшего возраста из текстильных материалов, кроме трикотажных или вязаных"
14.19.22,14.19.2,C,"Производство спортивных костюмов, лыжных костюмов, купальных костюмов и прочей одежды из текстильных материалов, кроме трикотажных или вязаных"
14.19.23,14.19.2,C,"Производство аксессуаров одежды, в том числе платков, шарфов, галстуков, перчаток и прочих аналогичных изделий из текстильных материалов, кроме трикотажных или вязаных"
14.19.3,14.19,C,Производство аксессуаров одежды из кожи; производство одежды из фетра или нетканых материалов; производство одежды из текстильных материалов с покрытием
14.19.31,14.19.3,C,Производство аксессуаров одежды из натуральной или композиционной кожи
14.19.32,14.19.3,C,"Производство одежды из фетра, нетканых материалов, из текстильных материалов с пропиткой или покрытием"
14.19.4,14.19,C,Производство головных уборов
14.19.5,14.19,C,"Пошив и вязание прочей одежды и аксессуаров одежды, головных уборов по индивидуальному заказу населения"
14.2,14,C,Производство меховых изделий
14.20,14.2,C,Производство меховых изделий
14.20.1,14.20,C,"Производство меховых изделий, кроме изготовленных по индивидуальному заказу"
14.20.2,14.20,C,Пошив меховых изделий по индивидуальному заказу населения
14.3,14,C,Производство вязаных и трикотажных изделий одежды
14.31,14.3,C,Производство вязаных и трикотажных чулочно-носочных изделий
14.31.1,14.31,C,"Производство вязаных и трикотажных чулочно- носочных изделий, кроме изготовленных по индивидуальному заказу"
14.31.2,14.31,C,Изготовление вязаных и трикотажных чулочно- носочных изделий по индивидуальному заказу населения
14.39,14.3,C,Производство прочих вязаных и трикотажных изделий
14.39.1,14.39,C,"Производство прочих вязаных и трикотажных изделий, не включенных в другие группировки"
14.39.2,14.39,C,Изготовление прочих вязаных и трикотажных изделий не включенных в другие группировки по индивидуальному заказу населения
15,C,C,Производство кожи и изделий из кожи
15.1,15,C,"Дубление и отделка кожи, производство чемоданов, сумок, шорно-седельных изделий из кожи; выделка и крашение меха"
15.11,15.1,C,"Дубление и выделка кожи, выделка и крашение меха"
15.11.1,15.11,C,Выделка и крашение меха
15.11.2,15.11,C,"Производство замши, пергаментной кожи, лакированной и металлизированной кожи"
15.11.3,15.11,C,"Дубление, выделка и крашение кожи из шкур крупного рогатого скота или животных семейства лошадиных"
15.11.4,15.11,C,"Дубление, выделка и крашение кожи из шкур овец, коз и свиней"
15.11.5,15.11,C,"Дубление, выделка и крашение кожи из шкур прочих животных, производство композиционной кожи"
15.11.51,15.11.5,C,"Дубление, выделка и крашение кожи из шкур прочих животных"
15.11.52,15.11.5,C,Производство композиционной кожи
15.12,15.1,C,"Производство чемоданов, дамских сумок и аналогичных изделий из кожи и других материалов; производство шорно-седельных и других изделий из кожи"
15.2,15,C,Производство обуви
15.20,15.2,C,Производство обуви
15.20.1,15.20,C,"Производство обуви, кроме спортивной, защитной и ортопедической"
15.20.11,15.20.1,C,Производство водонепроницаемой обуви с верхом из резины или пластмассы
15.20.12,15.20.1,C,"Производство обуви с верхом из резины и пластмассы, кроме водопроницаемой"
15.20.13,15.20.1,C,"Производство обуви с верхом из кожи, кроме спортивной обуви, обуви с защитным металлическим подноском и различной специальной обуви"
15.20.14,15.20.1,C,"Производство обуви с верхом из текстильных материалов, кроме спортивной обуви"
15.20.2,15.20,C,Производство спортивной обуви
15.20.3,15.20,C,Производство защитной обуви
15.20.31,15.20.3,C,Производство обуви с защитным металлическим подноском
15.20.32,15.20.3,C,Производство деревянной и различной специальной обуви
15.20.4,15.20,C,"Производство деталей обуви из кожи; вкладных стелек, подпяточников и аналогичных изделий; производство гетр, гамашей и аналогичных изделий"
15.20.41,15.20.4,C,"Производство деталей обуви из кожи; вкладных стелек, подпяточников и аналогичных изделий"
15.20.42,15.20.4,C,"Производство гетр, гамашей и аналогичных изделий"
15.20.5,15.20,C,Пошив обуви и различных дополнений к обуви по индивидуальному заказу населения
16,C,C,"Обработка древесины и производство изделий из дерева и пробки, кроме мебели, производство изделий из соломки и материалов для плетения"
16.1,16,C,Распиловка и строгание древесины
16.10,16.1,C,Распиловка и строгание древесины
16.10.1,16.10,C,"Производство пиломатериалов, кроме профилированных, толщиной более 6 мм; производство непропитанных железнодорожных и трамвайных шпал из древесины"
16.10.2,16.10,C,"Производство пиломатериалов, профилированных по кромке; производство древесного полотна, древесной муки; производство технологической щепы или стружки"
16.10.3,16.10,C,"Производство древесины, пропитанной или обработанной защитными или другими веществами"
16.10.9,16.10,C,Предоставление услуг по пропитке древесины
16.2,16,C,"Производство изделий из дерева, пробки, соломки и материалов для плетения"
16.21,16.2,C,"Производство шпона, фанеры, деревянных плит и панелей"
16.21.1,16.21,C,"Производство фанеры, деревянных фанерованных панелей и аналогичных слоистых материалов, древесных плит из древесины и других одревесневших материалов"
16.21.11,16.21.1,C,"Производство фанеры, деревянных фанерованных панелей и аналогичных слоистых материалов"
16.21.12,16.21.1,C,Производство древесно-стружечных плит из древесины или других одревесневших материалов
16.21.13,16.21.1,C,Производство древесно-волокнистых плит из древесины или других одревесневших материалов
16.21.2,16.21,C,"Производство листов для облицовки, шпона для фанеры, производство прессованной древесины"
16.21.21,16.21.2,C,"Производство листов для облицовки, шпона для фанеры"
16.21.22,16.21.2,C,Производство прессованной древесины
16.22,16.2,C,Производство сборных паркетных покрытий
16.23,16.2,C,Производство прочих деревянных строительных конструкций и столярных изделий
16.23.1,16.23,C,Производство деревянных строительных конструкций и столярных изделий
16.23.2,16.23,C,Производство сборных деревянных строений
16.24,16.2,C,Производство деревянной тары
16.29,16.2,C,"Производство прочих деревянных изделий; производство изделий из пробки, соломки и материалов для плетения"
16.29.1,16.29,C,Производство прочих деревянных изделий
16.29.11,16.29.1,C,"Производство деревянных инструментов, корпусов и рукояток инструментов, рукояток щеток и метелок, обувных колодок и растяжек для обуви"
16.29.12,16.29.1,C,Производство деревянных столовых и кухонных принадлежностей
16.29.13,16.29.1,C,"Производство деревянных статуэток и украшений из дерева, мозаики и инкрустированного дерева, шкатулок, футляров для ювелирных изделий или ножей"
16.29.14,16.29.1,C,"Производство деревянных рам для картин, фотографий, зеркал или аналогичных предметов и прочих изделий из дерева"
16.29.15,16.29.1,C,Производство топливных гранул и брикетов из отходов деревопереработки
16.29.2,16.29,C,"Производство изделий из пробки, соломки и материалов для плетения; производство корзиночных и плетеных изделий"
16.29.21,16.29.2,C,Производство изделий из пробки
16.29.22,16.29.2,C,"Производство изделий из соломки, эспарто (альфы) и прочих материалов для плетения"
16.29.23,16.29.2,C,Производство корзиночных и плетеных изделий
16.29.3,16.29,C,"Изготовление изделий из дерева, пробки, соломки и материалов для плетения, корзиночных и плетеных изделий по индивидуальному заказу населения"
17,C,C,Производство бумаги и бумажных изделий
17.1,17,C,"Производство целлюлозы, древесной массы, бумаги и картона"
17.11,17.1,C,Производство целлюлозы и древесной массы
17.11.1,17.11,C,Производство целлюлозы
17.11.2,17.11,C,Производство древесной массы
17.11.9,17.11,C,Производство прочих волокнистых полуфабрикатов
17.12,17.1,C,Производство бумаги и картона
17.12.1,17.12,C,Производство бумаги
17.12.2,17.12,C,Производство картона
17.2,17,C,Производство изделий из бумаги и картона
17.21,17.2,C,"Производство гофрированной бумаги и картона, бумажной и картонной тары"
17.22,17.2,C,Производство бумажных изделий хозяйственно-бытового и санитарно-гигиенического назначения
17.23,17.2,C,Производство бумажных канцелярских принадлежностей
17.24,17.2,C,Производство обоев
17.29,17.2,C,Производство прочих изделий из бумаги и картона
18,C,C,Деятельность полиграфическая и копирование носителей информации
18.1,18,C,Деятельность полиграфическая и предоставление услуг в этой области
18.11,18.1,C,Печатание газет
18.12,18.1,C,Прочие виды полиграфической деятельности
18.13,18.1,C,Изготовление печатных форм и подготовительная деятельность
18.14,18.1,C,Деятельность брошюровочно- переплетная и отделочная и сопутствующие услуги
18.2,18,C,Копирование записанных носителей информации
18.20,18.2,C,Копирование записанных носителей информации
19,C,C,Производство кокса и нефтепродуктов
19.1,19,C,Производство кокса
19.10,19.1,C,Производство кокса
19.2,19,C,Производство нефтепродуктов
19.20,19.2,C,Производство нефтепродуктов
19.20.1,19.20,C,Производство жидкого топлива
19.20.2,19.20,C,Разделение и извлечение фракций из нефтяного (попутного) газа
19.20.9,19.20,C,Производство прочих нефтепродуктов
19.3,19,C,"Агломерация угля, антрацита и бурого угля (лигнита) и производство термоуглей"
19.31,19.3,C,Агломерация антрацита
19.32,19.3,C,Агломерация угля
19.33,19.3,C,Агломерация бурого угля (лигнита)
19.34,19.3,C,Производство термоуглей
19.34.1,19.34,C,Производство термоуглей из антрацита
19.34.2,19.34,C,Производство термоуглей из бурого угля (лигнита)
19.34.3,19.34,C,"Производство теромуглей из угля за исключением антрацитов, лигнитов и угля каменного коксующегося"
20,C,C,Производство химических веществ и химических продуктов
20.1,20,C,"Производство основных химических веществ, удобрений и азотных соединений, пластмасс и синтетического каучука в первичных формах"
20.11,20.1,C,Производство промышленных газов
20.12,20.1,C,Производство красителей и пигментов
20.13,20.1,C,Производство прочих основных неорганических химических веществ
20.14,20.1,C,Производство прочих основных органических химических веществ
20.14.1,20.14,C,Производство углеводородов и их производных
20.14.2,20.14,C,"Производство спиртов, фенолов, фенолоспиртов и их галогенированных, сульфированных, нитрованных или нитрозированных производных; производство жирных промышленных спиртов"
20.14.3,20.14,C,"Производство промышленных монокарбоновых жирных кислот, карбоновых кислот и их производных"
20.14.4,20.14,C,Производство органических соединений с азотсодержащими функциональными группами
20.14.5,20.14,C,Производство сераорганических соединений и прочих элементоорганических соединений
20.14.6,20.14,C,"Производство простых эфиров, органических пероксидов, эпоксидов, ацеталей и полуацеталей, прочих органических соединений"
20.14.7,20.14,C,Производство прочих химических органических основных веществ
20.15,20.1,C,Производство удобрений и азотных соединений
20.15.1,20.15,C,"Производство азотных кислот, сульфоазотных кислот, аммиака"
20.15.2,20.15,C,"Производство хлорида аммония, нитритов"
20.15.3,20.15,C,Производство азотных минеральных или химических удобрений
20.15.4,20.15,C,Производство фосфорных минеральных или химических удобрений
20.15.5,20.15,C,Производство калийных минеральных или химических удобрений
20.15.6,20.15,C,Производство нитрата натрия
20.15.7,20.15,C,"Производство удобрений, не включенных в другие группировки"
20.15.8,20.15,C,Производство удобрений животного или растительного происхождения
20.16,20.1,C,Производство пластмасс и синтетических смол в первичных формах
20.17,20.1,C,Производство синтетического каучука в первичных формах
20.2,20,C,Производство пестицидов и прочих агрохимических продуктов
20.20,20.2,C,Производство пестицидов и прочих агрохимических продуктов
20.3,20,C,"Производство красок, лаков и аналогичных материалов для нанесения покрытий, полиграфических красок и мастик"
20.30,20.3,C,"Производство красок, лаков и аналогичных материалов для нанесения покрытий, полиграфических красок и мастик"
20.30.1,20.30,C,Производство красок и лаков на основе полимеров
20.30.2,20.30,C,"Производство прочих красок, лаков, эмалей и аналогичных материалов для нанесения покрытий, художественных и полиграфических красок"
20.4,20,C,"Производство мыла и моющих, чистящих и полирующих средств; парфюмерных и косметических средств"
20.41,20.4,C,"Производство мыла и моющих, чистящих и полирующих средств"
20.41.1,20.41,C,Производство глицерина
20.41.2,20.41,C,"Производство органических поверхностно-активных веществ, кроме мыла"
20.41.3,20.41,C,"Производство мыла и моющих средств, чистящих и полирующих средств"
20.41.4,20.41,C,Производство средств для ароматизации и дезодорирования воздуха и восков
20.42,20.4,C,Производство парфюмерных и косметических средств
20.5,20,C,Производство прочих химических продуктов
20.51,20.5,C,Производство взрывчатых веществ
20.52,20.5,C,Производство клеев
20.53,20.5,C,Производство эфирных масел
20.59,20.5,C,"Производство прочих химических продуктов, не включенных в другие группировки"
20.59.1,20.59,C,"Производство фотопластинок и фотопленок; фотопленок для моментальных фотоснимков; химических составов и несмешанных продуктов, используемых в фотографии"
20.59.2,20.59,C,"Производство химически модифицированных животных или растительных жиров и масел (включая олифу), непищевых смесей животных или растительных жиров и масел"
20.59.3,20.59,C,Производство чернил для письма и рисования
20.59.4,20.59,C,"Производство смазочных материалов, присадок к смазочным материалам и антифризов"
20.59.5,20.59,C,"Производство прочих химических продуктов, не включенных в другие группировки"
20.59.6,20.59,C,Производство желатина и его производных
20.6,20,C,Производство химических волокон
20.60,20.6,C,Производство химических волокон
20.60.1,20.60,C,Производство синтетических волокон
20.60.2,20.60,C,Производство искусственных волокон
21,C,C,"Производство лекарственных средств и материалов, применяемых в медицинских целях"
21.1,21,C,Производство фармацевтических субстанций
21.10,21.1,C,Производство фармацевтических субстанций
21.2,21,C,"Производство лекарственных препаратов и материалов, применяемых в медицинских целях"
21.20,21.2,C,"Производство лекарственных препаратов и материалов, применяемых в медицинских целях"
21.20.1,21.20,C,Производство лекарственных препаратов
21.20.2,21.20,C,"Производство материалов, применяемых в медицинских целях"
22,C,C,Производство резиновых и пластмассовых изделий
22.1,22,C,Производство резиновых изделий
22.11,22.1,C,"Производство резиновых шин, покрышек и камер; восстановление резиновых шин и покрышек"
22.19,22.1,C,Производство прочих резиновых изделий
22.19.1,22.19,C,"Производство регенерированной резины в первичной форме или в виде пластин, листов или полос (лент)"
22.19.2,22.19,C,"Производство резиновых смесей и изделий из них; производство вулканизированной резины в виде нити, корда, пластин, листов, полос, прутков и профилей"
22.19.3,22.19,C,"Производство труб, трубок, рукавов и шлангов из вулканизированной резины"
22.19.4,22.19,C,"Производство конвейерных лент и приводных ремней, бельтинга из вулканизированной резины"
22.19.5,22.19,C,"Производство прорезиненных текстильных материалов, кроме кордных тканей"
22.19.6,22.19,C,Производство предметов одежды и ее аксессуаров из вулканизированной резины
22.19.7,22.19,C,"Производство изделий из вулканизированной резины, не включенных в другие группировки"
22.2,22,C,Производство изделий из пластмасс
22.21,22.2,C,"Производство пластмассовых плит, полос, труб и профилей"
22.22,22.2,C,Производство пластмассовых изделий для упаковывания товаров
22.23,22.2,C,"Производство пластмассовых изделий, используемых в строительстве"
22.29,22.2,C,Производство прочих пластмассовых изделий
22.29.1,22.29,C,"Производство предметов одежды и аксессуаров для нее, включая перчатки, из пластмасс"
22.29.2,22.29,C,"Производство прочих изделий из пластмасс, не включенных в другие группировки, кроме устройств пломбировочных их пластика"
22.29.3,22.29,C,Производство устройств пломбировочных из пластика
22.29.9,22.29,C,Предоставление услуг в области производства прочих пластмассовых изделий
23,C,C,Производство прочей неметаллической минеральной продукции
23.1,23,C,Производство стекла и изделий из стекла
23.11,23.1,C,Производство листового стекла
23.11.1,23.11,C,Производство листового тянутого стекла
23.11.2,23.11,C,"Производство листового узорчатого, прокатного (но не обработанного другим способом): неармированного стекла"
23.11.3,23.11,C,"Производство листового узорчатого, прокатного (но не обработанного другим способом): армированного стекла"
23.11.4,23.11,C,"Производство бесцветного листового стекла, изготовленного методом флоат"
23.11.5,23.11,C,Производство листового матового стекла
23.11.6,23.11,C,Производство полированного стекла в листах (кроме изготовленного методом флоат)
23.11.7,23.11,C,Производство листового стекла с покрытием (кроме лакокрасочного в т.ч. эмалевого)
23.11.9,23.11,C,"Производство листового стекла, прочего"
23.12,23.1,C,Формирование и обработка листового стекла
23.12.1,23.12,C,Производство упрочненного (в том числе термически упрочненного и закаленного) стекла
23.12.2,23.12,C,Производство стеклянных зеркал
23.12.3,23.12,C,Производство многослойного стекла для строительства
23.12.4,23.12,C,Производство безопасного многослойного стекла для транспорта (в том числе наземного)
23.12.5,23.12,C,Производство стеклопакетов
23.13,23.1,C,Производство полых стеклянных изделий
23.13.1,23.13,C,Производство бутылок и прочих емкостей из стекла или хрусталя
23.13.2,23.13,C,Производство стаканов и прочих сосудов для питья из стекла или хрусталя
23.13.3,23.13,C,Производство столовой и кухонной посуды из стекла или хрусталя
23.13.4,23.13,C,Производство туалетных и канцелярских принадлежностей из стекла или хрусталя
23.13.5,23.13,C,Производство украшений для интерьера и аналогичных изделий из стекла или хрусталя
23.13.6,23.13,C,Производство стеклянных колб для вакуумных сосудов
23.14,23.1,C,Производство стекловолокна
23.19,23.1,C,"Производство и обработка прочих стеклянных изделий, включая технические изделия из стекла"
23.19.1,23.19,C,"Производство необработанного стекла в блоках, в виде шаров, прутков, труб или трубок"
23.19.2,23.19,C,"Производство блоков для мощения, стеклоблоков, плит и прочих изделий из прессованного или отформованного стекла, используемых в строительстве; производство стекла для витражей; производство многоячеистого стекла или пеностекла в блоках, плитах и анал огичных формах"
23.19.3,23.19,C,"Производство стеклянных колб для электрических ламп, электронно-лучевых приборов или аналогичных изделий"
23.19.4,23.19,C,"Производство стекол для часов или очков, не подвергнутых оптической обработке"
23.19.5,23.19,C,"Производство посуды для лабораторных, фармацевтических и гигиенических целей из стекла; производство ампул и прочих изделий из медицинского стекла"
23.19.6,23.19,C,"Производство стеклянных деталей электрических ламп и осветительной арматуры, световых указателей, световых табло и аналогичных изделий"
23.19.7,23.19,C,Производство электрических изоляторов из стекла
23.19.9,23.19,C,"Производство прочих изделий из стекла, не включенных в другие группировки"
23.2,23,C,Производство огнеупорных изделий
23.20,23.2,C,Производство огнеупорных изделий
23.20.1,23.20,C,"Производство огнеупорных кирпичей, блоков, плиток"
23.20.2,23.20,C,"Производство огнеупорных цементов, растворов, бетонов и аналогичных составов"
23.20.3,23.20,C,Производство безобжиговых огнеупорных изделий
23.20.9,23.20,C,Производство прочих огнеупорных керамических изделий
23.3,23,C,Производство строительных керамических материалов
23.31,23.3,C,Производство керамических плит и плиток
23.32,23.3,C,"Производство кирпича, черепицы и прочих строительных изделий из обожженной глины"
23.4,23,C,Производство прочих фарфоровых и керамических изделий
23.41,23.4,C,Производство хозяйственных и декоративных керамических изделий
23.41.1,23.41,C,Производство столовой и кухонной керамической посуды
23.41.2,23.41,C,Производство прочих хозяйственных и туалетных керамических принадлежностей
23.41.3,23.41,C,Производство статуэток и прочих декоративных керамических изделий
23.42,23.4,C,Производство керамических санитарно-технических изделий
23.43,23.4,C,Производство керамических изоляторов и изолирующей арматуры
23.44,23.4,C,Производство прочих технических керамических изделий
23.44.1,23.44,C,"Производство керамических изделий лабораторного, химического и промышленного назначения"
23.44.2,23.44,C,Производство керамических и ферритовых магнитов
23.49,23.4,C,Производство прочих керамических изделий
23.49.1,23.49,C,"Производство керамических горшков, банок, кувшинов и подобных изделий, используемых для транспортирования или упаковывания товаров"
23.49.9,23.49,C,"Производство керамических изделий, не включенных в другие группировки"
23.5,23,C,"Производство цемента, извести и гипса"
23.51,23.5,C,Производство цемента
23.52,23.5,C,Производство извести и гипса
23.52.1,23.52,C,"Производство негашеной, гашеной и гидравлической извести"
23.52.2,23.52,C,Производство гипса
23.52.3,23.52,C,Производство кальцинированного доломита
23.6,23,C,"Производство изделий из бетона, цемента и гипса"
23.61,23.6,C,Производство изделий из бетона для использования в строительстве
23.61.1,23.61,C,"Производство готовых строительных изделий из бетона, цемента и искусственного камня"
23.61.2,23.61,C,"Производство сборных строительных конструкций из бетона, цемента и искусственного камня"
23.62,23.6,C,Производство гипсовых изделий для использования в строительстве
23.63,23.6,C,Производство товарного бетона
23.64,23.6,C,Производство сухих бетонных смесей
23.65,23.6,C,Производство изделий из хризотилцемента и волокнистого цемента
23.65.1,23.65,C,"Производство строительных материалов из растительного сырья, смешанного с цементом, гипсом или прочими минеральными связующими веществами"
23.65.2,23.65,C,Производство изделий из хризотилцемента и волокнистого цемента с волокнами целлюлозы или аналогичных материалов
23.69,23.6,C,"Производство прочих изделий из гипса, бетона или цемента"
23.7,23,C,"Резка, обработка и отделка камня"
23.70,23.7,C,"Резка, обработка и отделка камня"
23.70.1,23.70,C,"Резка, обработка и отделка камня для использования в строительстве в качестве дорожного покрытия"
23.70.2,23.70,C,"Резка, обработка и отделка камня для памятников"
23.70.3,23.70,C,Производство гранул и порошков из природного камня
23.9,23,C,"Производство абразивных и неметаллических минеральных изделий, не включенных в другие группировки"
23.91,23.9,C,Производство абразивных изделий
23.99,23.9,C,"Производство прочей неметаллической минеральной продукции, не включенной в другие группировки"
23.99.1,23.99,C,"Производство обработанных хризотиловых волокон, смесей на основе хризотила и изделий из них"
23.99.2,23.99,C,Производство изделий из асфальта или аналогичных материалов
23.99.3,23.99,C,"Производство битуминозных смесей на основе природного асфальта или битума, нефтяного битума, минеральных смол или их пеков"
23.99.4,23.99,C,"Производство искусственного графита, коллоидного или полуколлоидного графита, продуктов на основе графита или прочих форм углерода в виде полуфабрикатов"
23.99.5,23.99,C,Производство искусственного корунда
23.99.6,23.99,C,Производство минеральных тепло- и звукоизоляционных материалов и изделий
23.99.61,23.99.6,C,Производство минеральных теплоизоляционных материалов и изделий
23.99.62,23.99.6,C,Производство минеральных звукоизоляционных материалов и изделий
24,C,C,Производство металлургическое
24.1,24,C,"Производство чугуна, стали и ферросплавов"
24.10,24.1,C,"Производство чугуна, стали и ферросплавов"
24.10.1,24.10,C,Производство основных продуктов из железа и стали
24.10.11,24.10.1,C,Производство чугуна
24.10.12,24.10.1,C,Производство ферросплавов
24.10.13,24.10.1,C,Производство продуктов прямого восстановления железной руды и губчатого железа
24.10.14,24.10.1,C,Производство гранул и порошков из чугуна или стали
24.10.2,24.10,C,Производство стали в слитках
24.10.3,24.10,C,Производство листового горячекатаного стального проката
24.10.4,24.10,C,Производство листового холоднокатаного стального проката
24.10.5,24.10,C,"Производство листового холоднокатаного стального проката, плакированного, с гальваническим или иным покрытием"
24.10.6,24.10,C,Производство сортового горячекатаного проката и катанки
24.10.7,24.10,C,"Производство незамкнутых стальных профилей горячей обработки, листового проката в пакетах и стального рельсового профиля для железных дорог и трамвайных путей"
24.10.9,24.10,C,"Производство прочего проката из черных металлов, не включенного в другие группировки"
24.2,24,C,"Производство стальных труб, полых профилей и фитингов"
24.20,24.2,C,"Производство стальных труб, полых профилей и фитингов"
24.20.1,24.20,C,Производство бесшовных труб и пустотелых профилей
24.20.2,24.20,C,Производство сварных труб
24.20.3,24.20,C,"Производство стальных фитингов для труб, кроме литых"
24.3,24,C,Производство прочих стальных изделий первичной обработкой
24.31,24.3,C,Производство стальных прутков и сплошных профилей методом холодного волочения
24.32,24.3,C,Производство холоднотянутого штрипса
24.33,24.3,C,Производство профилей с помощью холодной штамповки или гибки
24.34,24.3,C,Производство проволоки методом холодного волочения
24.4,24,C,"Производство основных драгоценных металлов и прочих цветных металлов, производство ядерного топлива"
24.41,24.4,C,Производство драгоценных металлов
24.42,24.4,C,Производство алюминия
24.43,24.4,C,"Производство свинца, цинка и олова"
24.43.1,24.43,C,Производство свинца
24.43.2,24.43,C,Производство цинка
24.43.3,24.43,C,Производство олова
24.44,24.4,C,Производство меди
24.45,24.4,C,Производство прочих цветных металлов
24.45.1,24.45,C,Производство никеля
24.45.2,24.45,C,Производство титана
24.45.3,24.45,C,Производство магния
24.45.4,24.45,C,Производство вольфрама
24.45.5,24.45,C,Производство молибдена
24.45.6,24.45,C,Производство кобальта
24.45.7,24.45,C,Производство хрома
24.45.8,24.45,C,Производство марганца
24.45.9,24.45,C,"Производство редких (тантал, ниобий, галлий, германий, иридий) и редкоземельных металлов"
24.46,24.4,C,Производство ядерного топлива
24.5,24,C,Литье металлов
24.51,24.5,C,Литье чугуна
24.52,24.5,C,Литье стали
24.53,24.5,C,Литье легких металлов
24.54,24.5,C,Литье прочих цветных металлов
25,C,C,"Производство готовых металлических изделий, кроме машин и оборудования"
25.1,25,C,Производство строительных металлических конструкций и изделий
25.11,25.1,C,"Производство строительных металлических конструкций, изделий и их частей"
25.12,25.1,C,Производство металлических дверей и окон
25.2,25,C,"Производство металлических цистерн, резервуаров и прочих емкостей"
25.21,25.2,C,Производство радиаторов и котлов центрального отопления
25.21.1,25.21,C,Производство радиаторов
25.21.2,25.21,C,Производство котлов центрального отопления
25.29,25.2,C,"Производство прочих металлических цистерн, резервуаров и емкостей"
25.3,25,C,"Производство паровых котлов, кроме котлов центрального отопления"
25.30,25.3,C,"Производство паровых котлов, кроме котлов центрального отопления"
25.30.1,25.30,C,Производство паровых котлов и их частей
25.30.2,25.30,C,"Производство ядерных установок и их составных частей, в том числе для транспортных средств"
25.30.21,25.30.2,C,"Производство ядерных установок, кроме устройств для разделения изотопов"
25.30.22,25.30.2,C,"Производство частей ядерных установок, кроме устройств для разделения изотопов"
25.4,25,C,Производство оружия и боеприпасов
25.40,25.4,C,Производство оружия и боеприпасов
25.5,25,C,"Ковка, прессование, штамповка и профилирование; изготовление изделий методом порошковой металлургии"
25.50,25.5,C,"Ковка, прессование, штамповка и профилирование, изготовление изделий методом порошковой металлургии"
25.50.1,25.50,C,"Предоставление услуг по ковке, прессованию, объемной и листовой штамповке и профилированию листового металла"
25.50.2,25.50,C,Предоставление услуг по производству изделий методом порошковой металлургии
25.6,25,C,Обработка металлов и нанесение покрытий на металлы; механическая обработка металлов
25.61,25.6,C,Обработка металлов и нанесение покрытий на металлы
25.62,25.6,C,Обработка металлических изделий механическая
25.7,25,C,"Производство ножевых изделий и столовых приборов, инструментов и универсальных скобяных изделий"
25.71,25.7,C,Производство ножевых изделий и столовых приборов
25.72,25.7,C,"Производство замков, петель"
25.73,25.7,C,Производство инструмента
25.9,25,C,Производство прочих готовых металлических изделий
25.91,25.9,C,Производство металлических бочек и аналогичных емкостей
25.92,25.9,C,Производство тары из легких металлов
25.93,25.9,C,"Производство изделий из проволоки, цепей и пружин"
25.93.1,25.93,C,Производство изделий из проволоки и пружин
25.93.2,25.93,C,"Производство цепей, кроме шарнирных, и составных частей к ним"
25.94,25.9,C,Производство крепежных изделий
25.99,25.9,C,"Производство прочих готовых металлических изделий, не включенных в другие группировки"
25.99.1,25.99,C,Производство металлических изделий для ванных комнат и кухни
25.99.11,25.99.1,C,"Производство раковин, моек, ванн и прочих санитарно-технических изделий и их составных частей из черных металлов, меди или алюминия"
25.99.12,25.99.1,C,"Производство столовых, кухонных и прочих бытовых изделий, кроме столовых и кухонных приборов, и их составных частей из черных металлов, меди или алюминия"
25.99.2,25.99,C,Производство прочих металлических изделий
25.99.21,25.99.2,C,"Производство бронированных или армированных сейфов, несгораемых шкафов и дверей"
25.99.22,25.99.2,C,"Производство канцелярского настольного оборудования (ящиков, картотек, лотков и т. п.) из недрагоценных металлов"
25.99.23,25.99.2,C,Производство деталей для скоросшивателей или папок; канцелярских принадлежностей и скоб в виде полос из недрагоценных металлов
25.99.24,25.99.2,C,"Производство статуэток, рам для фотографий, картин, зеркал и прочих декоративных изделий из недрагоценных металлов"
25.99.25,25.99.2,C,"Производство фурнитуры из недрагоценных металлов для одежды, обуви, кожгалантереи и прочих изделий, в том числе крючков, пряжек, застежек, петелек, колечек, трубчатых и раздвоенных заклепок и др."
25.99.26,25.99.2,C,Производство судовых гребных винтов и гребных колес
25.99.27,25.99.2,C,Производство металлических изделий для области использования атомной энергии
25.99.29,25.99.2,C,"Производство прочих изделий из недрагоценных металлов, не включенных в другие группировки"
25.99.3,25.99,C,Изготовление готовых металлических изделий хозяйственного назначения по индивидуальному заказу населения
26,C,C,"Производство компьютеров, электронных и оптических изделий"
26.1,26,C,Производство элементов электронной аппаратуры и печатных схем (плат)
26.11,26.1,C,Производство элементов электронной аппаратуры
26.11.1,26.11,C,Производство электронных вакуумных ламп и трубок и прочих электронных вакуумных приборов
26.11.2,26.11,C,"Производство диодов, транзисторов и прочих полупроводниковых приборов, включая светоизлучающие диоды, пьезоэлектрические приборы и их части"
26.11.3,26.11,C,Производство интегральных электронных схем
26.11.9,26.11,C,"Производство частей электронных ламп, трубок и прочих электронных компонентов, не включенных в другие группировки"
26.12,26.1,C,Производство электронных печатных плат
26.2,26,C,Производство компьютеров и периферийного оборудования
26.20,26.2,C,Производство компьютеров и периферийного оборудования
26.20.1,26.20,C,Производство компьютеров
26.20.2,26.20,C,Производство периферийного оборудования
26.20.3,26.20,C,Производство запоминающих устройств и прочих устройств хранения данных
26.20.4,26.20,C,"Производство средств защиты информации, а также информационных и телекоммуникационных систем, защищенных с использованием средств защиты информации"
26.20.9,26.20,C,Производство прочих устройств автоматической обработки данных
26.3,26,C,Производство коммуникационного оборудования
26.30,26.3,C,Производство коммуникационного оборудования
26.30.1,26.30,C,"Производство коммуникационной аппаратуры, радио- и телевизионной передающей аппаратуры, телевизионных камер"
26.30.11,26.30.1,C,"Производство средств связи, выполняющих функцию систем коммутации"
26.30.12,26.30.1,C,"Производство средств связи, выполняющих функцию цифровых транспортных систем"
26.30.13,26.30.1,C,"Производство средств связи, выполняющих функцию систем управления и мониторинга"
26.30.14,26.30.1,C,"Производство оборудования, используемого для учета объема оказанных услуг связи"
26.30.15,26.30.1,C,Производство радиоэлектронных средств связи
26.30.16,26.30.1,C,"Производство оборудования средств связи, в том числе программное обеспечение, обеспечивающее выполнение установленных действий при проведении оперативно-розыскных мероприятий"
26.30.17,26.30.1,C,Производство радио- и телевизионной передающей аппаратуры
26.30.18,26.30.1,C,Производство телевизионных камер
26.30.19,26.30.1,C,Производство прочего коммуникационного оборудования
26.30.2,26.30,C,"Производство оконечного (пользовательского) оборудования телефонной или телеграфной связи, аппаратуры видеосвязи"
26.30.21,26.30.2,C,Производство пользовательского (оконечного) оборудования проводной телефонной связи с проводными или беспроводными телефонными трубками
26.30.22,26.30.2,C,Производство телефонных аппаратов для работы в сотовых или иных беспроводных сетях связи
26.30.29,26.30.2,C,"Производство прочих телефонных аппаратов, устройств и аппаратуры для передачи и приема речи, изображений или других данных, включая оборудование коммуникационное для работы в проводных или беспроводных сетях связи (например, локальных и глобальных се тях)"
26.30.3,26.30,C,Производство запасных частей и комплектующих коммуникационного оборудования
26.30.4,26.30,C,"Производство антенн, антенных отражателей всех видов и их деталей"
26.30.5,26.30,C,Производство запасных частей и комплектующих радио- и телевизионной передающей аппаратуры и телевизионных камер
26.30.6,26.30,C,Производство охранно-пожарной сигнализации и аналогичных приборов
26.4,26,C,Производство бытовой электроники
26.40,26.4,C,Производство бытовой электроники
26.40.1,26.40,C,Производство радиоприемников
26.40.2,26.40,C,"Производство телевизионных приемников, включая видеомониторы и видеопроекторы"
26.40.21,26.40.2,C,Производство телевизоров с электронно-лучевой трубкой
26.40.22,26.40.2,C,Производство телевизоров жидкокристаллических и плазменных
26.40.23,26.40.2,C,Производство видеомониторов и видеопроекторов
26.40.3,26.40,C,Производство аппаратуры для записи и воспроизведения звука и изображения
26.40.4,26.40,C,Производство электроакустической аппаратуры
26.40.5,26.40,C,Производство частей звукозаписывающей и звуковоспроизводящей аппаратуры и видеоаппаратуры
26.5,26,C,Производство контрольно-измерительных и навигационных приборов и аппаратов; производство часов
26.51,26.5,C,"Производство инструментов и приборов для измерения, тестирования и навигации"
26.51.1,26.51,C,"Производство навигационных, метеорологических, геодезических, геофизических и аналогичного типа приборов, аппаратуры и инструментов"
26.51.2,26.51,C,"Производство радиолокационной, радионавигационной аппаратуры и радиоаппаратуры дистанционного управления"
26.51.3,26.51,C,"Производство точных весов; производство ручных инструментов для черчения, разметки и математических расчетов; производство ручных инструментов для измерения линейных размеров, не включенных в другие группировки"
26.51.4,26.51,C,Производство приборов и аппаратуры для измерения электрических величин или ионизирующих излучений
26.51.5,26.51,C,Производство приборов для контроля прочих физических величин
26.51.6,26.51,C,"Производство прочих приборов, датчиков, аппаратуры и инструментов для измерения, контроля и испытаний"
26.51.7,26.51,C,Производство приборов и аппаратуры для автоматического регулирования или управления
26.51.8,26.51,C,"Производство частей приборов и инструментов для навигации, управления, измерения, контроля, испытаний и прочих целей"
26.52,26.5,C,Производство часов
26.52.1,26.52,C,Производство часов всех видов и прочих приборов времени
26.52.2,26.52,C,"Производство часовых механизмов, деталей и составных частей часов и приборов времени"
26.6,26,C,"Производство облучающего и электротерапевтического оборудования, применяемого в медицинских целях"
26.60,26.6,C,"Производство облучающего и электротерапевтического оборудования, применяемого в медицинских целях"
26.60.1,26.60,C,"Производство аппаратов, применяемых в медицинских целях, основанных на использовании рентгеновского, альфа-, бета- и гамма-излучений"
26.60.2,26.60,C,"Производство гемодиализного, диатермического, наркозного оборудования, применяемого в медицинских целях"
26.60.3,26.60,C,Производство оборудования для переливания крови
26.60.4,26.60,C,"Производство инструмента, оборудования и приспособлений, применяемых в медицинских целях"
26.60.5,26.60,C,"Производство диагностического и терапевтического оборудования, применяемого в медицинских целях"
26.60.6,26.60,C,Производство компьютерных томографов
26.60.7,26.60,C,"Производство ультразвукового оборудования, применяемого в медицинских целях"
26.60.9,26.60,C,"Производство прочего оборудования, применяемого в медицинских целях"
26.7,26,C,"Производство оптических приборов, фото- и кинооборудования"
26.70,26.7,C,"Производство оптических приборов, фото- и кинооборудования"
26.70.1,26.70,C,Производство фото- и кинооборудования
26.70.2,26.70,C,Производство микроскопов (кроме электронных и протонных)
26.70.3,26.70,C,Производство оптических систем обнаружения оружия
26.70.4,26.70,C,Производство оборудования оптического позиционирования на местности
26.70.5,26.70,C,"Производство линз, оптических микроскопов, биноклей и телескопов"
26.70.6,26.70,C,Производство оптических прицелов и приборов определения координат целей
26.70.7,26.70,C,Производство пленочных и цифровых фото- и кинокамер
26.8,26,C,Производство незаписанных магнитных и оптических технических носителей информации
26.80,26.8,C,Производство незаписанных магнитных и оптических технических носителей информации
27,C,C,Производство электрического оборудования
27.1,27,C,"Производство электродвигателей, генераторов, трансформаторов и распределительных устройств, а также контрольно-измерительной аппаратуры"
27.11,27.1,C,"Производство электродвигателей, электрогенераторов и трансформаторов"
27.11.1,27.11,C,"Производство электродвигателей, генераторов и трансформаторов, кроме ремонта"
27.11.11,27.11.1,C,Производство электродвигателей
27.11.12,27.11.1,C,Производство генераторов
27.11.13,27.11.1,C,Производство трансформаторов
27.12,27.1,C,Производство электрической распределительной и регулирующей аппаратуры
27.2,27,C,Производство электрических аккумуляторов и аккумуляторных батарей
27.20,27.2,C,Производство электрических аккумуляторов и аккумуляторных батарей
27.20.1,27.20,C,"Производство первичных элементов, батарей первичных элементов и их частей"
27.20.2,27.20,C,"Производство аккумуляторов, в том числе для автомобилей, аккумуляторных батарей и их составных частей"
27.20.21,27.20.2,C,Производство аккумуляторов для автомобилей
27.20.22,27.20.2,C,Производство аккумуляторных батарей и их частей
27.20.23,27.20.2,C,Производство прочих аккумуляторов
27.20.3,27.20,C,Производство солнечных батарей для наземного энергообеспечения и их составных частей
27.3,27,C,Производство кабелей и кабельной арматуры
27.31,27.3,C,Производство волоконно-оптических кабелей
27.32,27.3,C,Производство прочих проводов и кабелей для электронного и электрического оборудования
27.32.1,27.32,C,Производство кабелей для телефонной связи
27.32.2,27.32,C,Производство силовых кабелей
27.32.3,27.32,C,Производство обмоточных эмалированных кабелей
27.33,27.3,C,Производство электроустановочных изделий
27.4,27,C,Производство электрических ламп и осветительного оборудования
27.40,27.4,C,Производство электрических ламп и осветительного оборудования
27.5,27,C,Производство бытовых приборов
27.51,27.5,C,Производство бытовых электрических приборов
27.51.1,27.51,C,Производство стиральных машин
27.51.2,27.51,C,Производство холодильников и морозильников
27.51.3,27.51,C,Производство пылесосов
27.51.4,27.51,C,Производство посудомоечных машин
27.51.5,27.51,C,Производство электропечей
27.51.6,27.51,C,Производство микроволновых печей
27.52,27.5,C,Производство бытовых неэлектрических приборов
27.9,27,C,Производство прочего электрического оборудования
27.90,27.9,C,Производство прочего электрического оборудования
27.90.1,27.90,C,Производство ускорителей заряженных частиц
27.90.2,27.90,C,Производство радиационных аппаратов и радионуклидных энергетических устройств (РЭУ)
27.90.9,27.90,C,"Производство электрического оборудования прочего, не включенного в другие группировки"
28,C,C,"Производство машин и оборудования, не включенных в другие группировки"
28.1,28,C,Производство машин и оборудования общего назначения
28.11,28.1,C,"Производство двигателей и турбин, кроме авиационных, автомобильных и мотоциклетных двигателей"
28.11.1,28.11,C,"Производство двигателей, кроме авиационных, автомобильных и мотоциклетных"
28.11.2,28.11,C,Производство турбин
28.11.21,28.11.2,C,Производство паровых турбин
28.11.22,28.11.2,C,Производство гидравлических турбин и водяных колес
28.11.23,28.11.2,C,"Производство газовых турбин, кроме турбореактивных и турбовинтовых"
28.12,28.1,C,Производство гидравлического и пневматического силового оборудования
28.12.1,28.12,C,Производство гидравлических и пневматических силовых установок и двигателей
28.12.2,28.12,C,Производство гидравлических насосов
28.13,28.1,C,Производство прочих насосов и компрессоров
28.14,28.1,C,Производство арматуры трубопроводной (арматуры)
28.15,28.1,C,"Производство подшипников, зубчатых передач, элементов механических передач и приводов"
28.15.1,28.15,C,Производство шариковых и роликовых подшипников
28.15.2,28.15,C,"Производство корпусов подшипников и подшипников скольжения, зубчатых колес, зубчатых передач и элементов приводов"
28.15.9,28.15,C,Производство прочих подшипников
28.2,28,C,Производство прочих машин и оборудования общего назначения
28.21,28.2,C,"Производство печей, термокамер и печных горелок"
28.21.1,28.21,C,"Производство неэлектрических печей, горелок и устройств для них"
28.21.2,28.21,C,Производство электрических печей
28.22,28.2,C,Производство подъемно-транспортного оборудования
28.22.1,28.22,C,Производство талей и подъемников
28.22.2,28.22,C,Производство лебедок и кабестанов
28.22.3,28.22,C,Производство домкратов и подъемных механизмов для транспортных средств
28.22.4,28.22,C,Производство подъемных кранов
28.22.41,28.22.4,C,Производство подъемных кранов для строительства
28.22.42,28.22.4,C,Производство прочих подъемных кранов
28.22.5,28.22,C,"Производство автопогрузчиков и тягачей, используемых на железнодорожных платформах"
28.22.6,28.22,C,"Производство лифтов, скриповых подъемников, эскалаторов и движущихся пешеходных дорожек"
28.22.7,28.22,C,Производство пневматических подъемников и конвейеров и прочего оборудования непрерывного действия для товаров или материалов
28.22.9,28.22,C,"Производство прочего грузоподъемного, транспортирующего и погрузочно-разгрузочного оборудования"
28.23,28.2,C,Производство офисной техники и оборудования (кроме компьютеров и периферийного оборудования)
28.23.1,28.23,C,"Производство пишущих машин, машин для обработки текста, калькуляторов, счетных машин и их частей"
28.23.2,28.23,C,"Производство фотокопировальных машин, офисных машин для офсетной печати и прочих офисных машин и оборудования и их составных частей"
28.24,28.2,C,Производство ручных инструментов с механизированным приводом
28.25,28.2,C,Производство промышленного холодильного и вентиляционного оборудования
28.25.1,28.25,C,"Производство теплообменных устройств, оборудования для кондиционирования воздуха промышленного холодильного и морозильного оборудования, производство оборудования для фильтрования и очистки газов"
28.25.11,28.25.1,C,Производство теплообменных устройств и машин для сжижения воздуха или прочих газов
28.25.12,28.25.1,C,Производство оборудования для кондиционирования воздуха
28.25.13,28.25.1,C,Производство промышленного холодильного и морозильного оборудования
28.25.14,28.25.1,C,Производство оборудования для фильтрования и очистки газов
28.25.2,28.25,C,Производство вентиляторов
28.29,28.2,C,"Производство прочих машин и оборудования общего назначения, не включенного в другие группировки"
28.29.1,28.29,C,"Производство газогенераторов, аппаратов для дистилляции и фильтрования"
28.29.11,28.29.1,C,"Производство генераторов для получения генераторного или водяного газа, ацетиленовых и аналогичных газогенераторов, установок для дистилляции или очистки"
28.29.12,28.29.1,C,Производство оборудования и установок для фильтрования или очистки жидкостей
28.29.13,28.29.1,C,"Производство масляных, бензиновых и всасывающих воздушных фильтров для двигателей внутреннего сгорания"
28.29.2,28.29,C,"Производство оборудования для мойки, заполнения, закупоривания или упаковывания бутылок или прочих емкостей, огнетушителей, распылителей, пароструйных или пескоструйных машин, прокладок"
28.29.21,28.29.2,C,"Производство оборудования для мойки, заполнения, закупоривания или упаковывания бутылок или прочих емкостей"
28.29.22,28.29.2,C,"Производство огнетушителей, распылителей, пароструйных или пескоструйных машин"
28.29.3,28.29,C,"Производство промышленного, бытового и прочего оборудования для взвешивания и дозировки"
28.29.31,28.29.3,C,Производство промышленного оборудования для взвешивания и дозировки
28.29.32,28.29.3,C,Производство бытового оборудования для взвешивания
28.29.39,28.29.3,C,Производство прочего оборудования для взвешивания и дозировки
28.29.4,28.29,C,"Производство центрифуг, каландров и торговых автоматов"
28.29.41,28.29.4,C,Производство центрифуг
28.29.42,28.29.4,C,"Производство каландров или прочих валковых машин, кроме машин для обработки металлов или стекла"
28.29.43,28.29.4,C,Производство торговых автоматов
28.29.5,28.29,C,Производство посудомоечных машин промышленного типа
28.29.6,28.29,C,"Производство оборудования для обработки материалов с использованием процессов, включающих изменение температуры, не включенного в другие группировки"
28.29.7,28.29,C,"Производство неэлектрического оборудования и инструментов для пайки мягким и твердым припоем или сварки, машин и аппаратов для газотермического напыления"
28.3,28,C,Производство машин и оборудования для сельского и лесного хозяйства
28.30,28.3,C,Производство машин и оборудования для сельского и лесного хозяйства
28.30.1,28.30,C,"Производство тракторов, управляемых рядом идущим водителем"
28.30.2,28.30,C,Производство тракторов для сельского хозяйства
28.30.21,28.30.2,C,Производство колесных тракторов для сельского хозяйства
28.30.22,28.30.2,C,Производство гусеничных тракторов для сельского хозяйства
28.30.3,28.30,C,Производство машин и сельскохозяйственного оборудования для обработки почвы
28.30.4,28.30,C,"Производство косилок для газонов, парков или спортивных площадок"
28.30.5,28.30,C,Производство машин для уборки урожая
28.30.51,28.30.5,C,Производство зерноуборочных комбайнов
28.30.52,28.30.5,C,Производство кормозаготовительных комбайнов
28.30.53,28.30.5,C,Производство корнеуборочных или клубнеуборочных машин
28.30.59,28.30.5,C,Производство прочих машин для уборки урожая
28.30.6,28.30,C,"Производство механических устройств для разбрасывания или распыления жидкостей или порошков, используемых в сельском хозяйстве или садоводстве"
28.30.7,28.30,C,Производство самозагружающихся или саморазгружающихся прицепов и полуприцепов для сельского хозяйства
28.30.8,28.30,C,Производство прочих машин и оборудования для сельского и лесного хозяйства
28.30.81,28.30.8,C,"Производство машин для очистки, сортировки или калибровки яиц, фруктов или прочих сельскохозяйственных продуктов, кроме семян, зерна или сухих бобовых культур"
28.30.82,28.30.8,C,Производство доильных аппаратов
28.30.83,28.30.8,C,Производство оборудования для приготовления кормов для животных
28.30.84,28.30.8,C,Производство инкубаторов и брудеров для птицеводства
28.30.85,28.30.8,C,Производство машин и оборудования для содержания птицы
28.30.86,28.30.8,C,Производство машин и оборудования для лесного хозяйства
28.30.89,28.30.8,C,"Производство прочих машин и оборудования для сельского хозяйства, садоводства, птицеводства или пчеловодства, не включенных в другие группировки"
28.4,28,C,"Производство станков, машин и оборудования для обработки металлов и прочих твердых материалов"
28.41,28.4,C,Производство металлообрабатывающего оборудования
28.41.1,28.41,C,Производство металлообрабатывающих станков
28.41.2,28.41,C,Производство кузнечно-прессового оборудования
28.41.3,28.41,C,"Производство аддитивных установок, использующих в качестве сырья металл, керамику и композиты"
28.49,28.4,C,Производство прочих станков
28.49.1,28.49,C,"Производство станков для обработки камня, дерева и аналогичных твердых материалов"
28.49.11,28.49.1,C,"Производство станков для обработки камня, керамики, бетона или аналогичных минеральных материалов или для холодной обработки стекла"
28.49.12,28.49.1,C,Производство деревообрабатывающих станков
28.49.13,28.49.1,C,"Производство станков для обработки кости, твердой резины, твердых пластмасс или аналогичных твердых материалов"
28.49.2,28.49,C,Производство оборудования для нанесения гальванического покрытия
28.49.3,28.49,C,Производство оправок для крепления инструмента
28.49.4,28.49,C,Производство делительных головок и прочих специальных приспособлений для станков
28.9,28,C,Производство прочих машин специального назначения
28.91,28.9,C,Производство машин и оборудования для металлургии
28.91.1,28.91,C,"Производство конвертеров, ковшей, изложниц и литейных машин"
28.91.2,28.91,C,Производство прокатных станов
28.91.3,28.91,C,Производство валков для прокатных станов
28.92,28.9,C,Производство машин и оборудования для добычи полезных ископаемых и строительства
28.92.1,28.92,C,Производство оборудования для добычи полезных ископаемых подземным способом
28.92.11,28.92.1,C,Производство подъемников и конвейеров непрерывного действия для подземных работ
28.92.12,28.92.1,C,Производство врубовых машин и оборудования для проходки тоннелей
28.92.2,28.92,C,"Производство прочих машин для перемещения, грейдерных работ, планирования, скреперных работ, выемки, трамбовки, уплотнения или добычи, самоходных, для грунта, минералов или руд"
28.92.21,28.92.2,C,Производство бульдозеров
28.92.22,28.92.2,C,Производство самоходных грейдеров и планировщиков
28.92.23,28.92.2,C,Производство самоходных скреперов
28.92.24,28.92.2,C,Производство трамбовочных машин и дорожных самоходных катков
28.92.25,28.92.2,C,Производство самоходных фронтальных одноковшовых погрузчиков
28.92.26,28.92.2,C,Производство одноковшовых полноповоротных экскаваторов и погрузчиков
28.92.27,28.92.2,C,Производство прочих экскаваторов и самоходных ковшовых погрузчиков
28.92.28,28.92.2,C,Производство отвалов бульдозеров
28.92.29,28.92.2,C,"Производство автомобилей-самосвалов, предназначенных для использования в условиях бездорожья"
28.92.3,28.92,C,Производство прочих машин для выемки грунта
28.92.4,28.92,C,"Производство машин для сортировки, дробления, смешивания и аналогичной обработки грунта, камня, руды и прочих минеральных веществ"
28.92.5,28.92,C,Производство гусеничных тракторов
28.93,28.9,C,"Производство машин и оборудования для производства пищевых продуктов, напитков и табачных изделий"
28.94,28.9,C,"Производство машин и оборудования для изготовления текстильных, швейных, меховых и кожаных изделий"
28.94.1,28.94,C,"Производство оборудования для подготовки, прядения текстильных волокон, производства тканых и трикотажных текстильных изделий"
28.94.2,28.94,C,"Производство прочего оборудования для текстильной и швейной промышленности, в том числе промышленных швейных машин"
28.94.3,28.94,C,"Производство оборудования для обработки шкур, сырых кож и выделанной кожи и для изготовления или ремонта обуви и прочих изделий"
28.94.4,28.94,C,Производство бытовых швейных машин
28.94.5,28.94,C,Производство составных частей и принадлежностей машин для текстильного и швейного производства и для обработки кож
28.95,28.9,C,Производство машин и оборудования для изготовления бумаги и картона
28.96,28.9,C,Производство машин и оборудования для переработки пластмасс и резины
28.96.1,28.96,C,"Производство аддитивных установок, использующих в качестве сырья полимеры, включая пластики"
28.96.9,28.96,C,"Производство аддитивных установок, использующих прочие виды сырья"
28.99,28.9,C,"Производство прочих машин и оборудования специального назначения, не включенных в другие группировки"
28.99.1,28.99,C,"Производство переплетного, наборного, включая фотонаборные машины, печатного оборудования и его составных частей"
28.99.2,28.99,C,"Производство оборудования и аппаратуры для производства полупроводниковых слитков или пластин, полупроводниковых устройств, электронных интегральных микросхем или плоскопанельных дисплеев"
28.99.3,28.99,C,"Производство пусковых устройств для воздушных судов, катапультирующих устройств для воздушных судов и т. п. оборудования"
28.99.4,28.99,C,Производство оборудования технологического специального для объектов использования атомной энергии
28.99.41,28.99.4,C,Производство оборудования и устройств по разделению изотопов
28.99.42,28.99.4,C,Производство оборудования и устройств для транспортировки продуктов
28.99.43,28.99.4,C,Производство оборудования для автоматизированных систем управления технологическим процессом атомных электростанций
28.99.49,28.99.4,C,"Производство оборудования технологического специального прочего для объектов использования атомной энергии, не включенного в другие группировки"
28.99.5,28.99,C,Производство промышленных роботов и робототехнических устройств Эта группировка включает: производство промышленных роботов для многоцелевого специализированного использования; промышленных робототехнических комплексов; промышленных роботизированныхячеек; промышленных роботизированных линий
28.99.9,28.99,C,"Производство оборудования специального назначения, не включенного в другие группировки"
29,C,C,"Производство автотранспортных средств, прицепов и полуприцепов"
29.1,29,C,Производство автотранспортных средств
29.10,29.1,C,Производство автотранспортных средств
29.10.1,29.10,C,Производство двигателей внутреннего сгорания автотранспортных средств
29.10.11,29.10.1,C,Производство двигателей внутреннего сгорания с искровым зажиганием с рабочим объемом цилиндров не более 1000 см3
29.10.12,29.10.1,C,Производство двигателей внутреннего сгорания с рабочим объемом цилиндров более 1000 см3
29.10.13,29.10.1,C,Производство двигателей внутреннего сгорания с воспламенением от сжатия
29.10.2,29.10,C,Производство легковых автомобилей
29.10.3,29.10,C,Производство автобусов и троллейбусов
29.10.31,29.10.3,C,Производство автобусов
29.10.32,29.10.3,C,Производство троллейбусов
29.10.4,29.10,C,Производство грузовых автомобилей
29.10.5,29.10,C,Производство автомобилей специального назначения
29.2,29,C,Производство кузовов для автотранспортных средств; производство прицепов и полуприцепов
29.20,29.2,C,Производство кузовов для автотранспортных средств; производство прицепов и полуприцепов
29.20.1,29.20,C,Производство кузовов для легковых автомобилей
29.20.2,29.20,C,Производство кузовов для грузовых автомобилей
29.20.3,29.20,C,Производство кузовов для автобусов
29.20.4,29.20,C,Производство прицепов и полуприцепов
29.20.5,29.20,C,Производство грузовых контейнеров
29.3,29,C,Производство комплектующих и принадлежностей для автотранспортных средств
29.31,29.3,C,Производство электрического и электронного оборудования для автотранспортных средств
29.32,29.3,C,Производство прочих комплектующих и принадлежностей для автотранспортных средств
29.32.1,29.32,C,Производство сидений для автотранспортных средств
29.32.2,29.32,C,"Производство ремней безопасности, подушек безопасности, их частей и принадлежностей кузовов"
29.32.3,29.32,C,"Производство частей и принадлежностей для автотранспортных средств, не включенных в другие группировки"
30,C,C,Производство прочих транспортных средств и оборудования
30.1,30,C,"Строительство кораблей, судов и лодок"
30.11,30.1,C,"Строительство кораблей, судов и плавучих конструкций"
30.12,30.1,C,Строительство прогулочных и спортивных судов
30.2,30,C,Производство железнодорожных локомотивов и подвижного состава
30.20,30.2,C,Производство железнодорожных локомотивов и подвижного состава
30.20.1,30.20,C,Производство железнодорожных локомотивов
30.20.11,30.20.1,C,Производство магистральных электровозов
30.20.12,30.20.1,C,Производство магистральных тепловозов
30.20.13,30.20.1,C,Производство маневровых тепловозов
30.20.2,30.20,C,"Производство моторных железнодорожных, трамвайных вагонов и вагонов метро, автодрезин, кроме транспортных средств для ремонта и технического обслуживания железнодорожных и трамвайных путей"
30.20.3,30.20,C,Производство прочего подвижного состава
30.20.31,30.20.3,C,"Производство транспортных средств для ремонта и технического обслуживания железнодорожных, трамвайных и прочих путей"
30.20.32,30.20.3,C,"Производство немоторных пассажирских железнодорожных, трамвайных вагонов и вагонов метро, багажных, почтовых и прочих вагонов специального назначения, кроме вагонов, предназначенных для ремонта и технического обслуживания путей"
30.20.33,30.20.3,C,"Производство несамоходных железнодорожных, трамвайных и прочих вагонов для перевозки грузов"
30.20.4,30.20,C,"Производство частей железнодорожных локомотивов, трамвайных и прочих моторных вагонов и подвижного состава; производство путевого оборудования и устройств для железнодорожных, трамвайных и прочих путей, механического и электромеханического оборудован ия для управления движением"
30.20.9,30.20,C,"Предоставление услуг по восстановлению и оснащению (завершению) железнодорожных локомотивов, трамвайных моторных вагонов и прочего подвижного состава"
30.3,30,C,"Производство летательных аппаратов, включая космические, и соответствующего оборудования"
30.30,30.3,C,"Производство летательных аппаратов, включая космические, и соответствующего оборудования"
30.30.1,30.30,C,"Производство силовых установок и двигателей для летательных аппаратов, включая космические; наземных тренажеров для летного состава; их частей"
30.30.11,30.30.1,C,Производство двигателей летательных аппаратов с искровым зажиганием и их частей
30.30.12,30.30.1,C,Производство турбореактивных и турбовинтовых двигателей и их частей
30.30.13,30.30.1,C,Производство реактивных двигателей и их частей
30.30.14,30.30.1,C,Производство наземных тренажеров для летного состава и их частей
30.30.2,30.30,C,"Производство аэростатов, дирижаблей, планеров, дельтапланов и прочих безмоторных летательных аппаратов"
30.30.3,30.30,C,"Производство вертолетов, самолетов и прочих летательных аппаратов"
30.30.31,30.30.3,C,Производство вертолетов
30.30.32,30.30.3,C,Производство самолетов
30.30.39,30.30.3,C,Производство прочих летательных аппаратов
30.30.4,30.30,C,"Производство космических аппаратов (в том числе спутников), ракет-носителей"
30.30.41,30.30.4,C,Производство автоматических космических аппаратов
30.30.42,30.30.4,C,"Производство пилотируемых и беспилотных космических кораблей и станций, включая орбитальные, межпланетные, многоразового использования"
30.30.43,30.30.4,C,Производство ракет-носителей
30.30.44,30.30.4,C,Производство межконтинентальных баллистических ракет
30.30.5,30.30,C,Производство частей и принадлежностей летательных и космических аппаратов
30.4,30,C,Производство военных боевых машин
30.40,30.4,C,Производство военных боевых машин
30.9,30,C,"Производство транспортных средств и оборудования, не включенных в другие группировки"
30.91,30.9,C,Производство мотоциклов
30.92,30.9,C,Производство велосипедов и инвалидных колясок
30.92.1,30.92,C,Производство велосипедов
30.92.2,30.92,C,Производство инвалидных колясок
30.92.3,30.92,C,Производство частей и принадлежности велосипедов и инвалидных колясок
30.92.4,30.92,C,Производство детских колясок и их частей
30.99,30.9,C,"Производство прочих транспортных средств и оборудования, не включенных в другие группировки"
31,C,C,Производство мебели
31.0,31,C,Производство мебели
31.01,31.0,C,Производство мебели для офисов и предприятий торговли
31.02,31.0,C,Производство кухонной мебели
31.02.1,31.02,C,"Производство кухонной мебели, кроме изготовленной по индивидуальному заказу населения"
31.02.2,31.02,C,Изготовление кухонной мебели по индивидуальному заказу населения
31.03,31.0,C,Производство матрасов
31.09,31.0,C,Производство прочей мебели
31.09.1,31.09,C,"Производство прочей мебели, кроме изготовленной по индивидуальному заказу населения"
31.09.2,31.09,C,"Изготовление прочей мебели и отдельных мебельных деталей, не включенных в другие группировки по индивидуальному заказу населения"
32,C,C,Производство прочих готовых изделий
32.1,32,C,"Производство ювелирных изделий, бижутерии и подобных товаров"
32.11,32.1,C,Чеканка монет
32.12,32.1,C,Производство ювелирных изделий и аналогичных изделий
32.12.1,32.12,C,Производство изделий технического назначения из драгоценных металлов
32.12.2,32.12,C,Производство изделий технического назначения из драгоценных камней
32.12.3,32.12,C,Обработка алмазов
32.12.4,32.12,C,"Обработка драгоценных, полудрагоценных, поделочных и синтетических камней, кроме алмазов и янтаря; производство изделий из полудрагоценных, поделочных и синтетических камней, кроме янтаря"
32.12.5,32.12,C,"Производство ювелирных изделий, медалей из драгоценных металлов и драгоценных камней"
32.12.6,32.12,C,Изготовление ювелирных изделий и аналогичных изделий по индивидуальному заказу населения
32.12.7,32.12,C,Обработка янтаря и производство изделий из янтаря
32.13,32.1,C,Производство бижутерии и подобных товаров
32.13.1,32.13,C,"Производство бижутерии и подобных товаров, кроме изготовленных по индивидуальному заказу"
32.13.2,32.13,C,Изготовление бижутерии и подобных товаров по индивидуальному заказу населения
32.2,32,C,Производство музыкальных инструментов
32.20,32.2,C,Производство музыкальных инструментов
32.3,32,C,Производство спортивных товаров
32.30,32.3,C,Производство спортивных товаров
32.4,32,C,Производство игр и игрушек
32.40,32.4,C,Производство игр и игрушек
32.5,32,C,Производство медицинских инструментов и оборудования
32.50,32.5,C,Производство медицинских инструментов и оборудования
32.9,32,C,"Производство изделий, не включенных в другие группировки"
32.91,32.9,C,Производство метел и щеток
32.99,32.9,C,"Производство прочих готовых изделий, не включенных в другие группировки"
32.99.1,32.99,C,Производство головных защитных уборов и прочих средств защиты
32.99.2,32.99,C,Производство пишущих принадлежностей
32.99.3,32.99,C,"Производство зонтов, тростей, пуговиц, кнопок, застежек-молний"
32.99.4,32.99,C,Производство изделий из волоса человека или животных; производство аналогичных изделий из текстильных материалов
32.99.5,32.99,C,Производство зажигалок и прочих курительных принадлежностей
32.99.6,32.99,C,"Производство изделий для праздников, карнавалов или прочих изделий для увеселения"
32.99.7,32.99,C,"Производство приборов, аппаратуры и моделей, предназначенных для демонстрационных целей"
32.99.8,32.99,C,Производство изделий народных художественных промыслов
32.99.9,32.99,C,"Производство прочих изделий, не включенных в другие группировки"
33,C,C,Ремонт и монтаж машин и оборудования
33.1,33,C,"Ремонт и монтаж металлических изделий, машин и оборудования"
33.11,33.1,C,Ремонт металлоизделий
33.12,33.1,C,Ремонт машин и оборудования
33.13,33.1,C,Ремонт электронного и оптического оборудования
33.14,33.1,C,Ремонт электрического оборудования
33.15,33.1,C,Ремонт и техническое обслуживание судов и лодок
33.16,33.1,C,"Ремонт и техническое обслуживание летательных аппаратов, включая космические"
33.17,33.1,C,Ремонт и техническое обслуживание прочих транспортных средств и оборудования
33.19,33.1,C,Ремонт прочего оборудования
33.2,33,C,Монтаж промышленных машин и оборудования
33.20,33.2,C,Монтаж промышленных машин и оборудования
35,D,D,"Обеспечение электрической энергией, газом и паром; кондиционирование воздуха"
35.1,35,D,"Производство, передача и распределение электроэнергии"
35.11,35.1,D,Производство электроэнергии
35.11.1,35.11,D,"Производство электроэнергии тепловыми электростанциями, в том числе деятельность по обеспечению работоспособности электростанций"
35.11.2,35.11,D,"Производство электроэнергии гидроэлектростанциями, в том числе деятельность по обеспечению работоспособности электростанций"
35.11.3,35.11,D,"Производство электроэнергии атомными электростанциями, в том числе деятельность по обеспечению работоспособности электростанций"
35.11.4,35.11,D,"Производство электроэнергии, получаемой из возобновляемых источников энергии, включая выработанную солнечными, ветровыми, геотермальными электростанциями, в том числе деятельность по обеспечению их работоспособности"
35.12,35.1,D,Передача электроэнергии и технологическое присоединение к распределительным электросетям
35.12.1,35.12,D,Передача электроэнергии
35.12.2,35.12,D,Технологическое присоединение к распределительным электросетям
35.13,35.1,D,Распределение электроэнергии
35.14,35.1,D,Торговля электроэнергией
35.2,35,D,Производство и распределение газообразного топлива
35.21,35.2,D,Производство газа
35.21.1,35.21,D,Газификация угля
35.21.11,35.21.1,D,Газификация антрацита
35.21.12,35.21.1,D,Газификация каменного угля за исключением антрацита
35.21.13,35.21.1,D,Газификация бурого угля (лигнита)
35.21.2,35.21,D,Сжижение углей
35.21.21,35.21.2,D,Сжижение антрацита
35.21.22,35.21.2,D,Сжижение каменного угля за исключением антрацита
35.21.23,35.21.2,D,Сжижение бурого угля (лигнита)
35.22,35.2,D,Распределение газообразного топлива по газораспределительным сетям
35.22.1,35.22,D,"Распределение природного, сухого (отбензиненного) газа по газораспределительным сетям"
35.22.11,35.22.1,D,"Распределение природного, сухого (отбензиненного) газа по газораспределительным сетям по тарифам, регулируемым государством"
35.22.12,35.22.1,D,"Распределение природного, сухого (отбензиненного) газа по газораспределительным сетям по тарифам, не регулируемым государством"
35.22.2,35.22,D,Распределение сжиженных углеводородных газов по газораспределительным сетям
35.22.21,35.22.2,D,"Распределение сжиженных углеводородных газов по газораспределительным сетям по тарифам, регулируемым государством"
35.22.22,35.22.2,D,"Распределение сжиженных углеводородных газов по газораспределительным сетям по тарифам, не регулируемым государством"
35.23,35.2,D,"Торговля газообразным топливом, подаваемым по распределительным сетям"
35.23.1,35.23,D,"Торговля природным, сухим (отбензиненным) газом, подаваемым по распределительным сетям"
35.23.11,35.23.1,D,"Торговля природным, сухим (отбензиненным) газом, подаваемым по распределительным сетям по регулируемым государством ценам (тарифам)"
35.23.12,35.23.1,D,"Торговля природным, сухим (отбензиненным) газом, подаваемым по распределительным сетям по не регулируемым государством ценам (тарифам)"
35.23.2,35.23,D,"Торговля сжиженными углеводородными газами, подаваемыми по распределительным сетям"
35.23.21,35.23.2,D,"Торговля сжиженными углеводородными газами, подаваемыми по распределительным сетям по регулируемым государством ценам (тарифам)"
35.23.22,35.23.2,D,"Торговля сжиженными углеводородными газами, подаваемыми по распределительным сетям по не регулируемым государством ценам (тарифам)"
35.3,35,D,"Производство, передача и распределение пара и горячей воды; кондиционирование воздуха"
35.30,35.3,D,"Производство, передача и распределение пара и горячей воды; кондиционирование воздуха"
35.30.1,35.30,D,Производство пара и горячей воды (тепловой энергии)
35.30.11,35.30.1,D,Производство пара и горячей воды (тепловой энергии) тепловыми электростанциями
35.30.12,35.30.1,D,Производство пара и горячей воды (тепловой энергии) атомными электростанциями
35.30.13,35.30.1,D,Производство пара и горячей воды (тепловой энергии) прочими электростанциями и промышленными блок-станциями
35.30.14,35.30.1,D,Производство пара и горячей воды (тепловой энергии) котельными
35.30.15,35.30.1,D,Производство охлажденной воды или льда (натурального из воды) для целей охлаждения
35.30.2,35.30,D,Передача пара и горячей воды (тепловой энергии)
35.30.3,35.30,D,Распределение пара и горячей воды (тепловой энергии)
35.30.4,35.30,D,Обеспечение работоспособности котельных
35.30.5,35.30,D,Обеспечение работоспособности тепловых сетей
35.30.6,35.30,D,Торговля паром и горячей водой (тепловой энергией)
36,E,E,"Забор, очистка и распределение воды"
36.0,36,E,"Забор, очистка и распределение воды"
36.00,36.0,E,"Забор, очистка и распределение воды"
36.00.1,36.00,E,Забор и очистка воды для питьевых и промышленных нужд
36.00.2,36.00,E,Распределение воды для питьевых и промышленных нужд
37,E,E,Сбор и обработка сточных вод
37.0,37,E,Сбор и обработка сточных вод
37.00,37.0,E,Сбор и обработка сточных вод
38,E,E,"Сбор, обработка и утилизация отходов; обработка вторичного сырья"
38.1,38,E,Сбор отходов
38.11,38.1,E,Сбор неопасных отходов
38.12,38.1,E,Сбор опасных отходов
38.2,38,E,Обработка и утилизация отходов
38.21,38.2,E,Обработка и утилизация неопасных отходов
38.22,38.2,E,Обработка и утилизация опасных отходов
38.22.1,38.22,E,Обработка и утилизация радиоактивных отходов
38.22.11,38.22.1,E,Деятельность по обращению с отработавшим ядерным топливом
38.22.12,38.22.1,E,Деятельность по обращению с особыми радиоактивными отходами
38.22.13,38.22.1,E,Деятельность по обращению с удаляемыми радиоактивными отходами
38.22.9,38.22,E,"Обработка и утилизация опасных отходов прочих, не включенных в другие группировки"
38.3,38,E,Деятельность по обработке вторичного сырья
38.31,38.3,E,"Демонтаж техники, не подлежащей восстановлению"
38.32,38.3,E,Утилизация отсортированных материалов
38.32.1,38.32,E,Сортировка материалов для дальнейшего использования
38.32.11,38.32.1,E,Сортировка металлических материалов для дальнейшего использования
38.32.12,38.32.1,E,Сортировка неметаллических материалов для дальнейшего использования
38.32.2,38.32,E,Обработка отходов и лома драгоценных металлов
38.32.3,38.32,E,Обработка отходов и лома черных металлов
38.32.4,38.32,E,Обработка отходов и лома цветных металлов
38.32.41,38.32.4,E,"Обработка отходов и лома металлов, содержащих медь"
38.32.42,38.32.4,E,"Обработка отходов и лома металлов, содержащих никель"
38.32.43,38.32.4,E,"Обработка отходов и лома металлов, содержащих алюминий"
38.32.49,38.32.4,E,"Обработка вторичного сырья, содержащего прочие цветные металлы"
38.32.5,38.32,E,Обработка вторичного неметаллического сырья
38.32.51,38.32.5,E,Обработка отходов и лома стекла
38.32.52,38.32.5,E,Обработка отходов бумаги и картона
38.32.53,38.32.5,E,Обработка отходов и лома пластмасс
38.32.54,38.32.5,E,Обработка отходов резины
38.32.55,38.32.5,E,Обработка отходов текстильных материалов
38.32.59,38.32.5,E,Обработка прочего вторичного неметаллического сырья
39,E,E,"Предоставление услуг в области ликвидации последствий загрязнений и прочих услуг, связанных с удалением отходов"
39.0,39,E,"Предоставление услуг в области ликвидации последствий загрязнений и прочих услуг, связанных с удалением отходов"
39.00,39.0,E,"Предоставление услуг в области ликвидации последствий загрязнений и прочих услуг, связанных с удалением отходов"
41,F,F,Строительство зданий
41.1,41,F,Разработка строительных проектов
41.10,41.1,F,Разработка строительных проектов
41.2,41,F,Строительство жилых и нежилых зданий
41.20,41.2,F,Строительство жилых и нежилых зданий
42,F,F,Строительство инженерных сооружений
42.1,42,F,Строительство автомобильных и железных дорог
42.11,42.1,F,Строительство автомобильных дорог и автомагистралей
42.12,42.1,F,Строительство железных дорог и метро
42.13,42.1,F,Строительство мостов и тоннелей
42.2,42,F,Строительство инженерных коммуникаций
42.21,42.2,F,"Строительство инженерных коммуникаций для водоснабжения и водоотведения, газоснабжения"
42.22,42.2,F,Строительство коммунальных объектов для обеспечения электроэнергией и телекоммуникациями
42.22.1,42.22,F,Строительство междугородних линий электропередачи и связи
42.22.2,42.22,F,Строительство местных линий электропередачи и связи
42.22.3,42.22,F,Строительство электростанций
42.9,42,F,Строительство прочих инженерных сооружений
42.91,42.9,F,Строительство водных сооружений
42.91.1,42.91,F,Строительство портовых сооружений
42.91.2,42.91,F,Строительство гидротехнических сооружений
42.91.3,42.91,F,Строительство ирригационных систем
42.91.4,42.91,F,"Производство дноочистительных, дноуглубительных и берегоукрепительных работ"
42.91.5,42.91,F,"Производство подводных работ, включая водолазные"
42.99,42.9,F,"Строительство прочих инженерных сооружений, не включенных в другие группировки"
43,F,F,Работы строительные специализированные
43.1,43,F,"Разборка и снос зданий, подготовка строительного участка"
43.11,43.1,F,Разборка и снос зданий
43.12,43.1,F,Подготовка строительной площадки
43.12.1,43.12,F,Расчистка территории строительной площадки
43.12.2,43.12,F,"Производство дренажных работ на сельскохозяйственных землях, землях лесных территорий, а также на строительных площадках"
43.12.3,43.12,F,Производство земляных работ
43.12.4,43.12,F,"Подготовка участка к разработке и добыче полезных ископаемых, за исключением нефтяных и газовых участков"
43.13,43.1,F,Разведочное бурение
43.2,43,F,"Производство электромонтажных, санитарно-технических и прочих строительно-монтажных работ"
43.21,43.2,F,Производство электромонтажных работ
43.22,43.2,F,"Производство санитарно-технических работ, монтаж отопительных систем и систем кондиционирования воздуха"
43.29,43.2,F,Производство прочих строительно-монтажных работ
43.3,43,F,Работы строительные отделочные
43.31,43.3,F,Производство штукатурных работ
43.32,43.3,F,Работы столярные и плотничные
43.32.1,43.32,F,"Установка дверей (кроме автоматических и вращающихся), окон, дверных и оконных рам из дерева или прочих материалов"
43.32.2,43.32,F,"Работы по установке внутренних лестниц, встроенных шкафов, встроенного кухонного оборудования"
43.32.3,43.32,F,"Производство работ по внутренней отделке зданий (включая потолки, раздвижные и съемные перегородки и т.д.)"
43.33,43.3,F,Работы по устройству покрытий полов и облицовке стен
43.34,43.3,F,Производство малярных и стекольных работ
43.34.1,43.34,F,Производство малярных работ
43.34.2,43.34,F,Производство стекольных работ
43.39,43.3,F,Производство прочих отделочных и завершающих работ
43.9,43,F,Работы строительные специализированные прочие
43.91,43.9,F,Производство кровельных работ
43.99,43.9,F,"Работы строительные специализированные прочие, не включенные в другие группировки"
43.99.1,43.99,F,Работы гидроизоляционные
43.99.2,43.99,F,Работы по установке строительных лесов и подмостей
43.99.3,43.99,F,Работы свайные и работы по строительству фундаментов
43.99.4,43.99,F,Работы бетонные и железобетонные
43.99.5,43.99,F,Работы по монтажу стальных строительных конструкций
43.99.6,43.99,F,Работы каменные и кирпичные
43.99.7,43.99,F,Работы по сборке и монтажу сборных конструкций
43.99.9,43.99,F,"Работы строительные специализированные, не включенные в другие группировки"
45,G,G,Торговля оптовая и розничная автотранспортными средствами и мотоциклами и их ремонт
45.1,45,G,Торговля автотранспортными средствами
45.11,45.1,G,Торговля легковыми автомобилями и грузовыми автомобилями малой грузоподъемности
45.11.1,45.11,G,Торговля оптовая легковыми автомобилями и легкими автотранспортными средствами
45.11.2,45.11,G,Торговля розничная легковыми автомобилями и легкими автотранспортными средствами в специализированных магазинах
45.11.3,45.11,G,Торговля розничная легковыми автомобилями и легкими автотранспортными средствами прочая
45.11.31,45.11.3,G,Торговля розничная легковыми автомобилями и легкими автотранспортными средствами через информационно-коммуникационную сеть Интернет
45.11.39,45.11.3,G,"Торговля розничная легковыми автомобилями и легкими автотранспортными средствами прочая, не включенная в другие группировки"
45.11.4,45.11,G,Торговля оптовая легковыми автомобилями и легкими автотранспортными средствами за вознаграждение или на договорной основе
45.11.41,45.11.4,G,Торговля оптовая легковыми автомобилями и легкими автотранспортными средствами через информационно-коммуникационную сеть Интернет за вознаграждение или на договорной основе
45.11.49,45.11.4,G,Торговля оптовая легковыми автомобилями и легкими автотранспортными средствами за вознаграждение или на договорной основе прочая
45.19,45.1,G,Торговля прочими автотранспортными средствами
45.19.1,45.19,G,"Торговля оптовая прочими автотранспортными средствами, кроме пассажирских"
45.19.2,45.19,G,"Торговля розничная прочими автотранспортными средствами, кроме пассажирских, в специализированных магазинах"
45.19.3,45.19,G,"Торговля розничная прочими автотранспортными средствами, кроме пассажирских, прочая"
45.19.31,45.19.3,G,"Торговля розничная прочими автотранспортными средствами, кроме пассажирских, через информационно-коммуникационную сеть Интернет"
45.19.39,45.19.3,G,"Торговля розничная прочими автотранспортными средствами, кроме пассажирских, прочая, не включенная в другие группировки"
45.19.4,45.19,G,"Торговля оптовая прочими автотранспортными средствами, кроме пассажирских, за вознаграждение или на договорной основе"
45.19.41,45.19.4,G,"Торговля оптовая прочими автотранспортными средствами, кроме пассажирских, через информационно-коммуникационную сеть Интернет за вознаграждение или на договорной основе"
45.19.49,45.19.4,G,"Торговля оптовая прочими автотранспортными средствами, кроме пассажирских, за вознаграждение или на договорной основе прочая"
45.2,45,G,Техническое обслуживание и ремонт автотранспортных средств
45.20,45.2,G,Техническое обслуживание и ремонт автотранспортных средств
45.20.1,45.20,G,Техническое обслуживание и ремонт легковых автомобилей и легких грузовых автотранспортных средств
45.20.2,45.20,G,Техническое обслуживание и ремонт прочих автотранспортных средств
45.20.3,45.20,G,"Мойка автотранспортных средств, полирование и предоставление аналогичных услуг"
45.20.4,45.20,G,Техническая помощь на дорогах и транспортирование неисправных автотранспортных средств к месту их ремонта или стоянки
45.3,45,G,"Торговля автомобильными деталями, узлами и принадлежностями"
45.31,45.3,G,"Торговля оптовая автомобильными деталями, узлами и принадлежностями"
45.31.1,45.31,G,"Торговля оптовая автомобильными деталями, узлами и принадлежностями, кроме деятельности агентов"
45.31.2,45.31,G,"Деятельность агентов по оптовой торговле автомобильными деталями, узлами и принадлежностями"
45.32,45.3,G,"Торговля розничная автомобильными деталями, узлами и принадлежностями"
45.32.1,45.32,G,"Торговля розничная автомобильными деталями, узлами и принадлежностями в специализированных магазинах"
45.32.2,45.32,G,"Торговля розничная автомобильными деталями, узлами и принадлежностями прочая"
45.32.21,45.32.2,G,"Торговля розничная автомобильными деталями, узлами и принадлежностями через информационно-коммуникационную сеть Интернет"
45.32.22,45.32.2,G,"Торговля розничная автомобильными деталями, узлами и принадлежностями по почтовым заказам"
45.32.29,45.32.2,G,"Торговля розничная автомобильными деталями, узлами и принадлежностями прочая, не включенная в другие группировки"
45.4,45,G,"Торговля мотоциклами, их деталями, узлами и принадлежностями; техническое обслуживание и ремонт мотоциклов"
45.40,45.4,G,"Торговля мотоциклами, их деталями, узлами и принадлежностями; техническое обслуживание и ремонт мотоциклов"
45.40.1,45.40,G,"Торговля оптовая мотоциклами, их деталями, узлами и принадлежностями"
45.40.2,45.40,G,"Торговля розничная мотоциклами, их деталями, составными частями и принадлежностями в специализированных магазинах"
45.40.3,45.40,G,"Торговля розничная мотоциклами, их деталями, узлами и принадлежностями прочая"
45.40.4,45.40,G,"Деятельность агентов по оптовой торговле мотоциклами, их деталями, узлами и принадлежностями"
45.40.5,45.40,G,Техническое обслуживание и ремонт мотоциклов и мототранспортных средств
46,G,G,"Торговля оптовая, кроме оптовой торговли автотранспортными средствами и мотоциклами"
46.1,46,G,Торговля оптовая за вознаграждение или на договорной основе
46.11,46.1,G,"Деятельность агентов по оптовой торговле сельскохозяйственным сырьем, живыми животными, текстильным сырьем и полуфабрикатами"
46.11.1,46.11,G,Деятельность агентов по оптовой торговле живыми животными
46.11.2,46.11,G,Деятельность агентов по оптовой торговле цветами и растениями
46.11.3,46.11,G,"Деятельность агентов по оптовой торговле прочим сельскохозяйственным сырьем, текстильным сырьем и полуфабрикатами"
46.11.31,46.11.3,G,Деятельность агентов по оптовой торговле зерном
46.11.32,46.11.3,G,"Деятельность агентов по оптовой торговле семенами, кроме семян масличных культур"
46.11.33,46.11.3,G,Деятельность агентов по оптовой торговле семенами масличных культур
46.11.34,46.11.3,G,Деятельность агентов по оптовой торговле кормами для сельскохозяйственных животных
46.11.35,46.11.3,G,Деятельность агентов по оптовой торговле текстильным сырьем и полуфабрикатами
46.11.39,46.11.3,G,"Деятельность агентов по оптовой торговле прочими сельскохозяйственным сырьем и сельскохозяйственными полуфабрикатами, не включенными в другие группировки"
46.12,46.1,G,"Деятельность агентов по оптовой торговле топливом, рудами, металлами и химическими веществами"
46.12.1,46.12,G,"Деятельность агентов по оптовой торговле твердым, жидким и газообразным топливом и связанными продуктами"
46.12.2,46.12,G,Деятельность агентов по оптовой торговле рудами и металлами в первичных формах
46.12.21,46.12.2,G,Деятельность агентов по оптовой торговле рудами
46.12.22,46.12.2,G,Деятельность агентов по оптовой торговле металлами в первичных формах
46.12.3,46.12,G,"Деятельность агентов по оптовой торговле промышленными и техническими химическими веществами, удобрениями и агрохимикатами"
46.12.31,46.12.3,G,Деятельность агентов по оптовой торговле промышленными и техническими химическими веществами
46.12.32,46.12.3,G,Деятельность агентов по оптовой торговле удобрениями и агрохимикатами
46.13,46.1,G,Деятельность агентов по оптовой торговле лесоматериалами и строительными материалами
46.13.1,46.13,G,Деятельность агентов по оптовой торговле лесоматериалами
46.13.2,46.13,G,Деятельность агентов по оптовой торговле строительными материалами
46.14,46.1,G,"Деятельность агентов по оптовой торговле машинами, промышленным оборудованием, судами и летательными аппаратами"
46.14.1,46.14,G,"Деятельность агентов по оптовой торговле вычислительной техникой, телекоммуникационным оборудованием и прочим офисным оборудованием"
46.14.2,46.14,G,"Деятельность агентов по оптовой торговле судами, летательными аппаратами и прочими транспортными средствами, не включенными в другие группировки"
46.14.9,46.14,G,Деятельность агентов по оптовой торговле прочими видами машин и промышленным оборудованием
46.15,46.1,G,"Деятельность агентов по оптовой торговле мебелью, бытовыми товарами, скобяными, ножевыми и прочими металлическими изделиями"
46.15.1,46.15,G,Деятельность агентов по оптовой торговле мебелью
46.15.2,46.15,G,"Деятельность агентов по оптовой торговле скобяными, ножевыми и прочими бытовыми металлическими изделиями"
46.15.3,46.15,G,Деятельность агентов по оптовой торговле электротоварами и бытовыми электроустановочными изделиями
46.15.4,46.15,G,"Деятельность агентов по оптовой торговле радио- и телеаппаратурой, техническими носителями информации"
46.15.9,46.15,G,"Деятельность агентов по оптовой торговле прочими бытовыми товарами, не включенными в другие группировки"
46.16,46.1,G,"Деятельность агентов по оптовой торговле текстильными изделиями, одеждой, обувью, изделиями из кожи и меха"
46.16.1,46.16,G,Деятельность агентов по оптовой торговле текстильными изделиями
46.16.2,46.16,G,"Деятельность агентов по оптовой торговле одеждой, изделиями из меха и обувью"
46.16.3,46.16,G,Деятельность агентов по оптовой торговле изделиями из кожи и дорожными принадлежностями
46.17,46.1,G,"Деятельность агентов по оптовой торговле пищевыми продуктами, напитками и табачными изделиями"
46.17.1,46.17,G,Деятельность агентов по оптовой торговле пищевыми продуктами
46.17.2,46.17,G,Деятельность агентов по оптовой торговле напитками
46.17.21,46.17.2,G,Деятельность агентов по оптовой торговле безалкогольными напитками
46.17.22,46.17.2,G,"Деятельность агентов по оптовой торговле алкогольными напитками, кроме пива"
46.17.23,46.17.2,G,Деятельность агентов по оптовой торговле пивом
46.17.3,46.17,G,Деятельность агентов по оптовой торговле табачными изделиями
46.18,46.1,G,"Деятельность агентов, специализирующихся на оптовой торговле прочими отдельными видами товаров"
46.18.1,46.18,G,"Деятельность агентов, специализирующихся на оптовой торговле фармацевтической продукцией, изделиями, применяемыми в медицинских целях, парфюмерными и косметическими товарами, включая мыло, и чистящими средствами"
46.18.11,46.18.1,G,"Деятельность агентов, специализирующихся на оптовой торговле фармацевтической продукцией"
46.18.12,46.18.1,G,"Деятельность агентов, специализирующихся на оптовой торговле изделиями, применяемыми в медицинских целях"
46.18.13,46.18.1,G,"Деятельность агентов, специализирующихся на оптовой торговле парфюмерными и косметическими товарами, включая мыло"
46.18.14,46.18.1,G,"Деятельность агентов, специализирующихся на оптовой торговле чистящими средствами"
46.18.2,46.18,G,"Деятельность агентов, специализирующихся на оптовой торговле играми и игрушками, спортивными товарами, велосипедами, книгами, газетами, журналами, писчебумажными и канцелярскими товарами, музыкальными инструментами, часами и ювелирными изделиями, фот отоварами и оптическими товарами"
46.18.3,46.18,G,"Деятельность агентов, специализирующихся на оптовой торговле техникой, оборудованием и инструментами, применяемыми в медицинских целях"
46.18.9,46.18,G,"Деятельность агентов, специализирующихся на оптовой торговле товарами, не включенными в другие группировки"
46.18.91,46.18.9,G,"Деятельность агентов, специализирующихся на оптовой торговле бумагой и картоном"
46.18.92,46.18.9,G,"Деятельность агентов, специализирующихся на оптовой торговле древесным сырьем и необработанными лесоматериалами"
46.18.93,46.18.9,G,"Деятельность агентов, специализирующихся на оптовой торговле отходами, ломом и материалами для переработки"
46.18.99,46.18.9,G,"Деятельность агентов, специализирующихся на оптовой торговле прочими товарами, не включенными в другие группировки"
46.19,46.1,G,Деятельность агентов по оптовой торговле универсальным ассортиментом товаров
46.2,46,G,Торговля оптовая сельскохозяйственным сырьем и живыми животными
46.21,46.2,G,"Торговля оптовая зерном, необработанным табаком, семенами и кормами для сельскохозяйственных животных"
46.21.1,46.21,G,"Торговля оптовая зерном, семенами и кормами для животных"
46.21.11,46.21.1,G,Торговля оптовая зерном
46.21.12,46.21.1,G,"Торговля оптовая семенами, кроме семян масличных культур"
46.21.13,46.21.1,G,Торговля оптовая масличными семенами и маслосодержащими плодами
46.21.14,46.21.1,G,Торговля оптовая кормами для сельскохозяйственных животных
46.21.19,46.21.1,G,"Торговля оптовая сельскохозяйственным сырьем, не включенным в другие группировки"
46.21.2,46.21,G,Торговля оптовая необработанным табаком
46.22,46.2,G,Торговля оптовая цветами и растениями
46.23,46.2,G,Торговля оптовая живыми животными
46.24,46.2,G,Торговля оптовая шкурами и кожей
46.3,46,G,"Торговля оптовая пищевыми продуктами, напитками и табачными изделиями"
46.31,46.3,G,Торговля оптовая фруктами и овощами
46.31.1,46.31,G,"Торговля оптовая свежими овощами, фруктами и орехами"
46.31.11,46.31.1,G,Торговля оптовая свежим картофелем
46.31.12,46.31.1,G,Торговля оптовая прочими свежими овощами
46.31.13,46.31.1,G,Торговля оптовая свежими фруктами и орехами
46.31.2,46.31,G,"Торговля оптовая консервированными овощами, фруктами и орехами"
46.32,46.3,G,Торговля оптовая мясом и мясными продуктами
46.32.1,46.32,G,"Торговля оптовая мясом и мясом птицы, включая субпродукты"
46.32.2,46.32,G,Торговля оптовая продуктами из мяса и мяса птицы
46.32.3,46.32,G,Торговля оптовая консервами из мяса и мяса птицы
46.33,46.3,G,"Торговля оптовая молочными продуктами, яйцами и пищевыми маслами и жирами"
46.33.1,46.33,G,Торговля оптовая молочными продуктами
46.33.2,46.33,G,Торговля оптовая яйцами
46.33.3,46.33,G,Торговля оптовая пищевыми маслами и жирами
46.34,46.3,G,Торговля оптовая напитками
46.34.1,46.34,G,"Торговля оптовая соками, минеральной водой и прочими безалкогольными напитками"
46.34.2,46.34,G,"Торговля оптовая алкогольными напитками, включая пиво и пищевой этиловый спирт"
46.34.21,46.34.2,G,"Торговля оптовая алкогольными напитками, кроме пива и пищевого этилового спирта"
46.34.22,46.34.2,G,Торговля оптовая пищевым этиловым спиртом
46.34.23,46.34.2,G,Торговля оптовая пивом
46.34.3,46.34,G,Закупка вина в больших емкостях с последующим розливом в мелкую тару без переработки
46.35,46.3,G,Торговля оптовая табачными изделиями
46.36,46.3,G,"Торговля оптовая сахаром, шоколадом и сахаристыми кондитерскими изделиями"
46.36.1,46.36,G,Торговля оптовая сахаром
46.36.2,46.36,G,Торговля оптовая шоколадом и сахаристыми кондитерскими изделиями
46.36.3,46.36,G,Торговля оптовая мучными кондитерскими изделиями
46.36.4,46.36,G,Торговля оптовая хлебобулочными изделиями
46.37,46.3,G,"Торговля оптовая кофе, чаем, какао и пряностями"
46.38,46.3,G,"Торговля оптовая прочими пищевыми продуктами, включая рыбу, ракообразных и моллюсков"
46.38.1,46.38,G,"Торговля оптовая рыбой, ракообразными и моллюсками, консервами и пресервами из рыбы и морепродуктов"
46.38.2,46.38,G,Торговля оптовая прочими пищевыми продуктами
46.38.21,46.38.2,G,"Торговля оптовая гомогенизированными пищевыми продуктами, детским и диетическим питанием"
46.38.22,46.38.2,G,Торговля оптовая кормами для домашних животных
46.38.23,46.38.2,G,Торговля оптовая мукой и макаронными изделиями
46.38.24,46.38.2,G,Торговля оптовая крупами
46.38.25,46.38.2,G,Торговля оптовая солью
46.38.26,46.38.2,G,Торговля оптовая мороженым и замороженными десертами
46.38.29,46.38.2,G,"Торговля оптовая прочими пищевыми продуктами, не включенными в другие группировки"
46.39,46.3,G,"Торговля оптовая неспециализированная пищевыми продуктами, напитками и табачными изделиями"
46.39.1,46.39,G,Торговля оптовая неспециализированная замороженными пищевыми продуктами
46.39.2,46.39,G,"Торговля оптовая неспециализированная незамороженными пищевыми продуктами, напитками и табачными изделиями"
46.4,46,G,Торговля оптовая непродовольственными потребительскими товарами
46.41,46.4,G,Торговля оптовая текстильными изделиями
46.41.1,46.41,G,"Торговля оптовая текстильными изделиями, кроме текстильных галантерейных изделий"
46.41.2,46.41,G,Торговля оптовая галантерейными изделиями
46.42,46.4,G,Торговля оптовая одеждой и обувью
46.42.1,46.42,G,Торговля оптовая одеждой
46.42.11,46.42.1,G,"Торговля оптовая одеждой, включая спортивную, кроме нательного белья"
46.42.12,46.42.1,G,Торговля оптовая нательным бельем
46.42.13,46.42.1,G,Торговля оптовая изделиями из меха
46.42.14,46.42.1,G,"Торговля оптовая аксессуарами одежды и головными уборами, кроме меховых"
46.42.2,46.42,G,Торговля оптовая обувью
46.43,46.4,G,Торговля оптовая бытовыми электротоварами
46.43.1,46.43,G,Торговля оптовая электрической бытовой техникой
46.43.2,46.43,G,"Торговля оптовая радио-, теле- и видеоаппаратурой и аппаратурой для цифровых видеодисков (DVD)"
46.43.3,46.43,G,"Торговля оптовая грампластинками, аудио- и видеомагнитными лентами, компакт-дисками (CD) и цифровыми видеодисками (DVD) (кроме носителей без записей)"
46.43.4,46.43,G,Торговля оптовая фототоварами и оптическими товарами
46.44,46.4,G,Торговля оптовая изделиями из керамики и стекла и чистящими средствами
46.44.1,46.44,G,Торговля оптовая изделиями из керамики и стекла
46.44.2,46.44,G,Торговля оптовая чистящими средствами
46.45,46.4,G,Торговля оптовая парфюмерными и косметическими товарами
46.45.1,46.45,G,"Торговля оптовая парфюмерными и косметическими товарами, кроме мыла"
46.45.2,46.45,G,Торговля оптовая туалетным и хозяйственным мылом
46.46,46.4,G,Торговля оптовая фармацевтической продукцией
46.46.1,46.46,G,Торговля оптовая фармацевтической продукцией
46.46.2,46.46,G,"Торговля оптовая изделиями, применяемыми в медицинских целях"
46.47,46.4,G,"Торговля оптовая мебелью, коврами и осветительным оборудованием"
46.47.1,46.47,G,Торговля оптовая бытовой мебелью
46.47.2,46.47,G,Торговля оптовая осветительным оборудованием
46.47.3,46.47,G,Торговля оптовая коврами и ковровыми изделиями
46.48,46.4,G,Торговля оптовая часами и ювелирными изделиями
46.48.1,46.48,G,Торговля оптовая часами
46.48.2,46.48,G,Торговля оптовая ювелирными изделиями
46.49,46.4,G,Торговля оптовая прочими бытовыми товарами
46.49.1,46.49,G,Торговля оптовая ножевыми изделиями и бытовой металлической посудой
46.49.2,46.49,G,"Торговля оптовая плетеными изделиями, изделиями из пробки, бондарными изделиями и прочими бытовыми деревянными изделиями"
46.49.3,46.49,G,"Торговля оптовая книгами, газетами и журналами, писчебумажными и канцелярскими товарами"
46.49.31,46.49.3,G,Торговля оптовая книгами
46.49.32,46.49.3,G,Торговля оптовая газетами и журналами
46.49.33,46.49.3,G,Торговля оптовая писчебумажными и канцелярскими товарами
46.49.4,46.49,G,Торговля оптовая прочими потребительскими товарами
46.49.41,46.49.4,G,Торговля оптовая музыкальными инструментами и нотными изданиями
46.49.42,46.49.4,G,Торговля оптовая играми и игрушками
46.49.43,46.49.4,G,"Торговля оптовая спортивными товарами, включая велосипеды"
46.49.44,46.49.4,G,Торговля оптовая изделиями из кожи и дорожными аксессуарами
46.49.49,46.49.4,G,"Торговля оптовая прочими потребительскими товарами, не включенными в другие группировки"
46.49.5,46.49,G,Торговля оптовая неэлектрическими бытовыми приборами
46.5,46,G,Торговля оптовая информационным и коммуникационным оборудованием
46.51,46.5,G,"Торговля оптовая компьютерами, периферийными устройствами к компьютерам и программным обеспечением"
46.51.1,46.51,G,Торговля оптовая компьютерами и периферийными устройствами
46.51.2,46.51,G,Торговля оптовая программным обеспечением
46.52,46.5,G,Торговля оптовая электронным и телекоммуникационным оборудованием и его запасными частями
46.52.1,46.52,G,Торговля оптовая телекоммуникационным оборудованием и его запасными частями
46.52.2,46.52,G,Торговля оптовая электронным оборудованием и его запасными частями
46.52.3,46.52,G,"Торговля оптовая аудио- и видеомагнитными лентами и дискетами, магнитными и оптическими дисками, компакт-дисками (CD), цифровыми видеодисками (DVD) и прочими техническими носителями информации без записей"
46.6,46,G,"Торговля оптовая прочими машинами, оборудованием и принадлежностями"
46.61,46.6,G,"Торговля оптовая машинами, оборудованием и инструментами для сельского хозяйства"
46.61.1,46.61,G,"Торговля оптовая сельскохозяйственными и лесохозяйственными машинами, оборудованием и инструментами, включая тракторы"
46.61.2,46.61,G,Торговля оптовая садово-огородной техникой и инвентарем
46.62,46.6,G,Торговля оптовая станками
46.62.1,46.62,G,Торговля оптовая деревообрабатывающими станками
46.62.2,46.62,G,Торговля оптовая металлообрабатывающими станками
46.62.3,46.62,G,Торговля оптовая станками для обработки прочих материалов
46.63,46.6,G,Торговля оптовая машинами и оборудованием для добычи полезных ископаемых и строительства
46.64,46.6,G,"Торговля оптовая машинами и оборудованием для текстильного, швейного и трикотажного производств"
46.65,46.6,G,Торговля оптовая офисной мебелью
46.66,46.6,G,Торговля оптовая прочей офисной техникой и оборудованием
46.69,46.6,G,Торговля оптовая прочими машинами и оборудованием
46.69.1,46.69,G,"Торговля оптовая транспортными средствами, кроме автомобилей, мотоциклов и велосипедов"
46.69.2,46.69,G,Торговля оптовая эксплуатационными материалами и принадлежностями машин
46.69.3,46.69,G,Торговля оптовая подъемно-транспортными машинами и оборудованием
46.69.4,46.69,G,"Торговля оптовая машинами и оборудованием для производства пищевых продуктов, напитков и табачных изделий"
46.69.5,46.69,G,"Торговля оптовая производственным электротехническим оборудованием, машинами, аппаратурой и материалами"
46.69.6,46.69,G,Торговля оптовая оружием и боеприпасами
46.69.7,46.69,G,Торговля оптовая измерительными приборами и оборудованием
46.69.8,46.69,G,"Торговля оптовая техникой, оборудованием и инструментами, применяемыми в медицинских целях"
46.69.9,46.69,G,"Торговля оптовая прочими машинами, приборами, аппаратурой и оборудованием общепромышленного и специального назначения"
46.7,46,G,Торговля оптовая специализированная прочая
46.71,46.7,G,"Торговля оптовая твердым, жидким и газообразным топливом и подобными продуктами"
46.71.1,46.71,G,Торговля оптовая твердым топливом
46.71.2,46.71,G,"Торговля оптовая моторным топливом, включая авиационный бензин"
46.71.3,46.71,G,Торговля оптовая нефтью
46.71.4,46.71,G,Торговля оптовая природным (естественным) газом
46.71.5,46.71,G,Торговля оптовая сжиженными углеводородными газами
46.71.51,46.71.5,G,Торговля оптовая сжиженными углеводородными газами по регулируемым государством ценам (тарифам)
46.71.52,46.71.5,G,Торговля оптовая сжиженными углеводородными газами по не регулируемым государством ценам (тарифам)
46.71.9,46.71,G,Торговля оптовая прочим топливом и подобными продуктами
46.72,46.7,G,Торговля оптовая металлами и металлическими рудами
46.72.1,46.72,G,Торговля оптовая металлическими рудами
46.72.11,46.72.1,G,Торговля оптовая железными рудами
46.72.12,46.72.1,G,Торговля оптовая рудами цветных металлов
46.72.2,46.72,G,Торговля оптовая металлами в первичных формах
46.72.21,46.72.2,G,Торговля оптовая черными металлами в первичных формах
46.72.22,46.72.2,G,"Торговля оптовая цветными металлами в первичных формах, кроме драгоценных"
46.72.23,46.72.2,G,Торговля оптовая золотом и другими драгоценными металлами
46.73,46.7,G,"Торговля оптовая лесоматериалами, строительными материалами и санитарно-техническим оборудованием"
46.73.1,46.73,G,Торговля оптовая древесным сырьем и необработанными лесоматериалами
46.73.2,46.73,G,Торговля оптовая пиломатериалами
46.73.3,46.73,G,Торговля оптовая санитарно-техническим оборудованием
46.73.4,46.73,G,Торговля оптовая лакокрасочными материалами
46.73.5,46.73,G,Торговля оптовая листовым стеклом
46.73.6,46.73,G,Торговля оптовая прочими строительными материалами и изделиями
46.73.7,46.73,G,Торговля оптовая обоями
46.73.8,46.73,G,Торговля оптовая напольными покрытиями (кроме ковров)
46.74,46.7,G,"Торговля оптовая скобяными изделиями, водопроводным и отопительным оборудованием и принадлежностями"
46.74.1,46.74,G,Торговля оптовая скобяными изделиями
46.74.2,46.74,G,Торговля оптовая водопроводным и отопительным оборудованием и санитарно-технической арматурой
46.74.3,46.74,G,Торговля оптовая ручными инструментами
46.75,46.7,G,Торговля оптовая химическими продуктами
46.75.1,46.75,G,Торговля оптовая удобрениями и агрохимическими продуктами
46.75.2,46.75,G,Торговля оптовая промышленными химикатами
46.76,46.7,G,Торговля оптовая прочими промежуточными продуктами
46.76.1,46.76,G,Торговля оптовая бумагой и картоном
46.76.2,46.76,G,Торговля оптовая текстильными волокнами
46.76.3,46.76,G,Торговля оптовая пластмассами и резиной в первичных формах
46.76.4,46.76,G,Торговля оптовая драгоценными камнями
46.77,46.7,G,Торговля оптовая отходами и ломом
46.9,46,G,Торговля оптовая неспециализированная
46.90,46.9,G,Торговля оптовая неспециализированная
47,G,G,"Торговля розничная, кроме торговли автотранспортными средствами и мотоциклами"
47.1,47,G,Торговля розничная в неспециализированных магазинах
47.11,47.1,G,"Торговля розничная преимущественно пищевыми продуктами, включая напитки, и табачными изделиями в неспециализированных магазинах"
47.11.1,47.11,G,Торговля розничная замороженными продуктами в неспециализированных магазинах
47.11.2,47.11,G,"Торговля розничная незамороженными продуктами, включая напитки и табачные изделия, в неспециализированных магазинах"
47.11.3,47.11,G,Деятельность по розничной торговле большим товарным ассортиментом с преобладанием продовольственных товаров в неспециализированных магазинах
47.19,47.1,G,Торговля розничная прочая в неспециализированных магазинах
47.19.1,47.19,G,Торговля розничная большим товарным ассортиментом с преобладанием непродовольственных товаров в неспециализированных магазинах
47.19.2,47.19,G,"Деятельность универсальных магазинов, торгующих товарами общего ассортимента"
47.2,47,G,"Торговля розничная пищевыми продуктами, напитками и табачными изделиями в специализированных магазинах"
47.21,47.2,G,Торговля розничная фруктами и овощами в специализированных магазинах
47.21.1,47.21,G,"Торговля розничная свежими фруктами, овощами, картофелем и орехами в специализированных магазинах"
47.21.2,47.21,G,"Торговля розничная консервированными фруктами, овощами и орехами в специализированных магазинах"
47.22,47.2,G,Торговля розничная мясом и мясными продуктами в специализированных магазинах
47.22.1,47.22,G,"Торговля розничная мясом и мясом птицы, включая субпродукты в специализированных магазинах"
47.22.2,47.22,G,Торговля розничная продуктами из мяса и мяса птицы в специализированных магазинах
47.22.3,47.22,G,Торговля розничная консервами из мяса и мяса птицы в специализированных магазинах
47.23,47.2,G,"Торговля розничная рыбой, ракообразными и моллюсками в специализированных магазинах"
47.23.1,47.23,G,Торговля розничная рыбой и морепродуктами в специализированных магазинах
47.23.2,47.23,G,Торговля розничная консервами из рыбы и морепродуктов в специализированных магазинах
47.24,47.2,G,Торговля розничная хлебом и хлебобулочными изделиями и кондитерскими изделиями в специализированных магазинах
47.24.1,47.24,G,Торговля розничная хлебом и хлебобулочными изделиями в специализированных магазинах
47.24.2,47.24,G,Торговля розничная кондитерскими изделиями в специализированных магазинах
47.24.21,47.24.2,G,Торговля розничная мучными кондитерскими изделиями в специализированных магазинах
47.24.22,47.24.2,G,"Торговля розничная кондитерскими изделиями, включая шоколад, в специализированных магазинах"
47.24.3,47.24,G,Торговля розничная мороженым и замороженными десертами в специализированных магазинах
47.25,47.2,G,Торговля розничная напитками в специализированных магазинах
47.25.1,47.25,G,"Торговля розничная алкогольными напитками, включая пиво, в специализированных магазинах"
47.25.11,47.25.1,G,"Торговля розничная алкогольными напитками, кроме пива, в специализированных магазинах"
47.25.12,47.25.1,G,Торговля розничная пивом в специализированных магазинах
47.25.2,47.25,G,Торговля розничная безалкогольными напитками в специализированных магазинах
47.26,47.2,G,Торговля розничная табачными изделиями в специализированных магазинах
47.29,47.2,G,Торговля розничная прочими пищевыми продуктами в специализированных магазинах
47.29.1,47.29,G,Торговля розничная молочными продуктами и яйцами в специализированных магазинах
47.29.11,47.29.1,G,Торговля розничная молочными продуктами в специализированных магазинах
47.29.12,47.29.1,G,Торговля розничная яйцами в специализированных магазинах
47.29.2,47.29,G,Торговля розничная пищевыми маслами и жирами в специализированных магазинах
47.29.21,47.29.2,G,Торговля розничная животными маслами и жирами в специализированных магазинах
47.29.22,47.29.2,G,Торговля розничная растительными маслами в специализированных магазинах
47.29.3,47.29,G,Торговля розничная прочими пищевыми продуктами в специализированных магазинах
47.29.31,47.29.3,G,Торговля розничная мукой и макаронными изделиями в специализированных магазинах
47.29.32,47.29.3,G,Торговля розничная крупами в специализированных магазинах
47.29.33,47.29.3,G,Торговля розничная сахаром в специализированных магазинах
47.29.34,47.29.3,G,Торговля розничная солью в специализированных магазинах
47.29.35,47.29.3,G,"Торговля розничная чаем, кофе, какао в специализированных магазинах"
47.29.36,47.29.3,G,"Торговля розничная гомогенизированными пищевыми продуктами, детским и диетическим питанием в специализированных магазинах"
47.29.39,47.29.3,G,"Торговля розничная прочими пищевыми продуктами в специализированных магазинах, не включенными в другие группировки"
47.3,47,G,Торговля розничная моторным топливом в специализированных магазинах
47.30,47.3,G,Торговля розничная моторным топливом в специализированных магазинах
47.30.1,47.30,G,Торговля розничная моторным топливом в специализированных магазинах
47.30.11,47.30.1,G,Торговля розничная бензином и дизельным топливом в специализированных магазинах
47.30.12,47.30.1,G,Торговля розничная газом для заправки автомобилей в специализированных магазинах
47.30.2,47.30,G,Торговля розничная смазочными материалами и охлаждающими жидкостями для автотранспортных средств
47.4,47,G,Торговля розничная информационным и коммуникационным оборудованием в специализированных магазинах
47.41,47.4,G,"Торговля розничная компьютерами, периферийными устройствами к ним и программным обеспечением в специализированных магазинах"
47.41.1,47.41,G,Торговля розничная компьютерами в специализированных магазинах
47.41.2,47.41,G,Торговля розничная программным обеспечением в специализированных магазинах
47.41.3,47.41,G,Торговля розничная периферийными устройствами в специализированных магазинах
47.41.4,47.41,G,Торговля розничная офисными машинами и оборудованием в специализированных магазинах
47.42,47.4,G,"Торговля розничная телекоммуникационным оборудованием, включая розничную торговлю мобильными телефонами, в специализированных магазинах"
47.43,47.4,G,Торговля розничная аудио- и видеотехникой в специализированных магазинах
47.5,47,G,Торговля розничная прочими бытовыми изделиями в специализированных магазинах
47.51,47.5,G,Торговля розничная текстильными изделиями в специализированных магазинах
47.51.1,47.51,G,Торговля розничная текстильными изделиями в специализированных магазинах
47.51.2,47.51,G,Торговля розничная галантерейными изделиями в специализированных магазинах
47.52,47.5,G,"Торговля розничная скобяными изделиями, лакокрасочными материалами и стеклом в специализированных магазинах"
47.52.1,47.52,G,Торговля розничная скобяными изделиями в специализированных магазинах
47.52.2,47.52,G,Торговля розничная лакокрасочными материалами в специализированных магазинах
47.52.3,47.52,G,Торговля розничная стеклом в специализированных магазинах
47.52.4,47.52,G,Торговля розничная материалами и оборудованием для изготовления поделок в специализированных магазинах
47.52.5,47.52,G,Торговля розничная санитарно-техническим оборудованием в специализированных магазинах
47.52.6,47.52,G,Торговля розничная садово-огородной техникой и инвентарем в специализированных магазинах
47.52.7,47.52,G,"Торговля розничная строительными материалами, не включенными в другие группировки, в специализированных магазинах"
47.52.71,47.52.7,G,Торговля розничная пиломатериалами в специализированных магазинах
47.52.72,47.52.7,G,Торговля розничная кирпичом в специализированных магазинах
47.52.73,47.52.7,G,Торговля розничная металлическими и неметаллическими конструкциями в специализированных магазинах
47.52.74,47.52.7,G,Торговля розничная сборными деревянными строениями в специализированных магазинах
47.52.79,47.52.7,G,"Торговля розничная прочими строительными материалами, не включенными в другие группировки, в специализированных магазинах"
47.53,47.5,G,"Торговля розничная коврами, ковровыми изделиями, покрытиями для пола и стен в специализированных магазинах"
47.53.1,47.53,G,Торговля розничная коврами и ковровыми изделиями в специализированных магазинах
47.53.2,47.53,G,"Торговля розничная портьерами, тюлевыми занавесями в специализированных магазинах"
47.53.3,47.53,G,Торговля розничная обоями и напольными покрытиями в специализированных магазинах
47.54,47.5,G,Торговля розничная бытовыми электротоварами в специализированных магазинах
47.59,47.5,G,"Торговля розничная мебелью, осветительными приборами и прочими бытовыми изделиями в специализированных магазинах"
47.59.1,47.59,G,Торговля розничная мебелью в специализированных магазинах
47.59.2,47.59,G,"Торговля розничная различной домашней утварью, ножевыми изделиями, посудой, изделиями из стекла и керамики, в том числе фарфора и фаянса в специализированных магазинах"
47.59.3,47.59,G,Торговля розничная осветительными приборами в специализированных магазинах
47.59.4,47.59,G,"Торговля розничная изделиями из дерева, пробки и плетеными изделиями в специализированных магазинах"
47.59.5,47.59,G,Торговля розничная музыкальными инструментами и нотными изданиями в специализированных магазинах
47.59.6,47.59,G,Торговля розничная неэлектрическими бытовыми приборами в специализированных магазинах
47.59.7,47.59,G,"Торговля розничная электрическими системами охранной сигнализации, такими как запорные устройства, сейфы и хранилища"
47.59.9,47.59,G,"Торговля розничная бытовыми изделиями и приборами, не включенными в другие группировки, в специализированных магазинах"
47.6,47,G,Торговля розничная товарами культурно-развлекательного назначения в специализированных магазинах
47.61,47.6,G,Торговля розничная книгами в специализированных магазинах
47.62,47.6,G,Торговля розничная газетами и канцелярскими товарами в специализированных магазинах
47.62.1,47.62,G,Торговля розничная газетами и журналами в специализированных магазинах
47.62.2,47.62,G,Торговля розничная писчебумажными и канцелярскими товарами в специализированных магазинах
47.63,47.6,G,Торговля розничная музыкальными и видеозаписями в специализированных магазинах
47.63.1,47.63,G,"Торговля розничная музыкальными записями, аудиолентами, компакт-дисками и кассетами в специализированных магазинах"
47.63.2,47.63,G,Торговля розничная лентами и дисками без записей в специализированных магазинах
47.64,47.6,G,Торговля розничная спортивным оборудованием и спортивными товарами в специализированных магазинах
47.64.1,47.64,G,Торговля розничная спортивным оборудованием и спортивными товарами в специализированных магазинах
47.64.2,47.64,G,Торговля розничная рыболовными принадлежностями в специализированных магазинах
47.64.3,47.64,G,Торговля розничная туристическим снаряжением в специализированных магазинах
47.64.4,47.64,G,Торговля розничная лодками в специализированных магазинах
47.64.5,47.64,G,Торговля розничная велосипедами в специализированных магазинах
47.65,47.6,G,Торговля розничная играми и игрушками в специализированных магазинах
47.7,47,G,Торговля розничная прочими товарами в специализированных магазинах
47.71,47.7,G,Торговля розничная одеждой в специализированных магазинах
47.71.1,47.71,G,"Торговля розничная мужской, женской и детской одеждой в специализированных магазинах"
47.71.2,47.71,G,Торговля розничная нательным бельем в специализированных магазинах
47.71.3,47.71,G,Торговля розничная изделиями из меха в специализированных магазинах
47.71.4,47.71,G,Торговля розничная одеждой из кожи в специализированных магазинах
47.71.5,47.71,G,Торговля розничная спортивной одеждой в специализированных магазинах
47.71.6,47.71,G,Торговля розничная чулочно-носочными изделиями в специализированных магазинах
47.71.7,47.71,G,Торговля розничная головными уборами в специализированных магазинах
47.71.8,47.71,G,"Торговля розничная аксессуарами одежды (перчатками, галстуками, шарфами, ремнями, подтяжками и т. п.) в специализированных магазинах"
47.72,47.7,G,Торговля розничная обувью и изделиями из кожи в специализированных магазинах
47.72.1,47.72,G,Торговля розничная обувью в специализированных магазинах
47.72.2,47.72,G,Торговля розничная изделиями из кожи и дорожными принадлежностями в специализированных магазинах
47.73,47.7,G,Торговля розничная лекарственными средствами в специализированных магазинах (аптеках)
47.74,47.7,G,"Торговля розничная изделиями, применяемыми в медицинских целях, ортопедическими изделиями в специализированных магазинах"
47.74.1,47.74,G,"Торговля розничная изделиями, применяемыми в медицинских целях, в специализированных магазинах"
47.74.2,47.74,G,Торговля розничная ортопедическими изделиями в специализированных магазинах
47.75,47.7,G,Торговля розничная косметическими и товарами личной гигиены в специализированных магазинах
47.75.1,47.75,G,"Торговля розничная косметическими и парфюмерными товарами, кроме мыла в специализированных магазинах"
47.75.2,47.75,G,Торговля розничная туалетным и хозяйственным мылом в специализированных магазинах
47.75.3,47.75,G,Торговля розничная предметами личной гигиены в специализированных магазинах
47.76,47.7,G,"Торговля розничная цветами и другими растениями, семенами, удобрениями, домашними животными и кормами для домашних животных в специализированных магазинах"
47.76.1,47.76,G,"Торговля розничная цветами и другими растениями, семенами и удобрениями в специализированных магазинах"
47.76.2,47.76,G,Торговля розничная домашними животными и кормами для домашних животных в специализированных магазинах
47.77,47.7,G,Торговля розничная часами и ювелирными изделиями в специализированных магазинах
47.77.1,47.77,G,Торговля розничная часами в специализированных магазинах
47.77.2,47.77,G,Торговля розничная ювелирными изделиями в специализированных магазинах
47.78,47.7,G,Торговля розничная прочая в специализированных магазинах
47.78.1,47.78,G,"Торговля розничная фотоаппаратурой, оптическими приборами и средствами измерений, кроме очков, в специализированных магазинах"
47.78.2,47.78,G,"Торговля розничная очками, включая сборку и ремонт очков в специализированных магазинах"
47.78.21,47.78.2,G,Торговля розничная очками в специализированных магазинах
47.78.22,47.78.2,G,Сборка и ремонт очков в специализированных магазинах
47.78.3,47.78,G,"Торговля розничная сувенирами, изделиями народных художественных промыслов"
47.78.4,47.78,G,"Торговля розничная предметами культового и религиозного назначения, похоронными принадлежностями в специализированных магазинах"
47.78.5,47.78,G,"Деятельность коммерческих художественных галерей, торговля розничная произведениями искусства в коммерческих художественных галереях"
47.78.6,47.78,G,"Торговля розничная бытовым жидким котельным топливом, газом в баллонах, углем, древесным топливом, топливным торфом в специализированных магазинах"
47.78.61,47.78.6,G,"Торговля розничная бытовым жидким котельным топливом, углем, древесным топливом, топливным торфом в специализированных магазинах"
47.78.62,47.78.6,G,Торговля розничная газом в баллонах в специализированных магазинах по регулируемым государствам ценам (тарифам)
47.78.63,47.78.6,G,Торговля розничная газом в баллонах в специализированных магазинах по нерегулируемым государством ценам (тарифам)
47.78.7,47.78,G,Торговля розничная оружием и боеприпасами в специализированных магазинах
47.78.8,47.78,G,Торговля розничная филателистическими и нумизматическими товарами в специализированных магазинах
47.78.9,47.78,G,"Торговля розничная непродовольственными товарами, не включенными в другие группировки, в специализированных магазинах"
47.79,47.7,G,Торговля розничная бывшими в употреблении товарами в магазинах
47.79.1,47.79,G,Торговля розничная предметами антиквариата
47.79.2,47.79,G,Торговля розничная букинистическими книгами
47.79.3,47.79,G,Торговля розничная прочими бывшими в употреблении товарами
47.79.4,47.79,G,Деятельность аукционных домов по розничной торговле
47.8,47,G,Торговля розничная в нестационарных торговых объектах и на рынках
47.81,47.8,G,"Торговля розничная в нестационарных торговых объектах и на рынках пищевыми продуктами, напитками и табачной продукцией"
47.81.1,47.81,G,Торговля розничная в нестационарных торговых объектах напитками и табачной продукцией
47.81.2,47.81,G,"Торговля розничная на рынках пищевыми продуктами, напитками и табачной продукцией"
47.82,47.8,G,"Торговля розничная в нестационарных торговых объектах и на рынках текстилем, одеждой и обувью"
47.82.1,47.82,G,"Торговля розничная в нестационарных торговых объектах текстилем, одеждой и обувью"
47.82.2,47.82,G,"Торговля розничная на рынках текстилем, одеждой и обувью"
47.89,47.8,G,Торговля розничная в нестационарных торговых объектах и на рынках прочими товарами
47.89.1,47.89,G,Торговля розничная в нестационарных торговых объектах прочими товарами
47.89.2,47.89,G,Торговля розничная на рынках прочими товарами
47.9,47,G,"Торговля розничная вне магазинов, палаток, рынков"
47.91,47.9,G,Торговля розничная по почте или по информационно-коммуникационной сети Интернет
47.91.1,47.91,G,Торговля розничная по почте
47.91.2,47.91,G,"Торговля розничная, осуществляемая непосредственно при помощи информационно-коммуникационной сети Интернет"
47.91.3,47.91,G,Торговля розничная через Интернет-аукционы
47.91.4,47.91,G,"Торговля розничная, осуществляемая непосредственно при помощи телевидения, радио, телефона"
47.99,47.9,G,"Торговля розничная прочая вне магазинов, палаток, рынков"
47.99.1,47.99,G,Деятельность по осуществлению прямых продаж или продаж торговыми агентами с доставкой
47.99.2,47.99,G,Деятельность по осуществлению торговли через автоматы
47.99.3,47.99,G,Деятельность по осуществлению прямых продаж топлива с доставкой по адресу клиента
47.99.4,47.99,G,"Деятельность аукционов по розничной торговле вне магазинов, за исключением продаж через Интернет-аукционы"
47.99.5,47.99,G,Деятельность по осуществлению розничных продаж комиссионными агентами вне магазинов
49,H,H,Деятельность сухопутного и трубопроводного транспорта
49.1,49,H,Деятельность железнодорожного транспорта: междугородные и международные пассажирские перевозки
49.10,49.1,H,Деятельность железнодорожного транспорта: междугородные и международные пассажирские перевозки
49.10.1,49.10,H,Перевозка пассажиров железнодорожным транспортом в междугородном сообщении
49.10.11,49.10.1,H,Перевозка пассажиров железнодорожным транспортом в междугородном сообщении в регулируемом секторе
49.10.12,49.10.1,H,Перевозка пассажиров железнодорожным транспортом в междугородном сообщении в нерегулируемом секторе
49.10.2,49.10,H,Перевозка пассажиров железнодорожным транспортом в международном сообщении
49.2,49,H,Деятельность железнодорожного транспорта: грузовые перевозки
49.20,49.2,H,Деятельность железнодорожного транспорта: грузовые перевозки
49.20.1,49.20,H,Перевозка опасных грузов
49.20.9,49.20,H,Перевозка прочих грузов
49.3,49,H,Деятельность прочего сухопутного пассажирского транспорта
49.31,49.3,H,Деятельность сухопутного пассажирского транспорта: перевозки пассажиров в городском и пригородном сообщении
49.31.1,49.31,H,Перевозка пассажиров железнодорожным транспортом в пригородном сообщении
49.31.11,49.31.1,H,Перевозка пассажиров железнодорожным транспортом в пригородном сообщении в регулируемом секторе
49.31.12,49.31.1,H,Перевозка пассажиров железнодорожным транспортом в пригородном сообщении в нерегулируемом секторе
49.31.2,49.31,H,Регулярные перевозки пассажиров прочим сухопутным транспортом в городском и пригородном сообщении
49.31.21,49.31.2,H,Регулярные перевозки пассажиров автобусами в городском и пригородном сообщении
49.31.22,49.31.2,H,Регулярные перевозки пассажиров троллейбусами в городском и пригородном сообщении
49.31.23,49.31.2,H,Регулярные перевозки пассажиров трамваями в городском и пригородном сообщении
49.31.24,49.31.2,H,Перевозка пассажиров метрополитеном
49.31.25,49.31.2,H,"Перевозка пассажиров фуникулерами, подвесными канатными дорогами и подъемниками, являющимися частью городской или пригородной транспортной системы"
49.32,49.3,H,Деятельность легкового такси и арендованных легковых автомобилей с водителем
49.39,49.3,H,"Деятельность прочего сухопутного пассажирского транспорта, не включенная в другие группировки"
49.39.1,49.39,H,"Регулярные перевозки пассажиров сухопутным транспортом, кроме железнодорожного транспорта, в междугородном и международном сообщении, а также специальные перевозки (для собственных нужд)"
49.39.11,49.39.1,H,Регулярные перевозки пассажиров автобусами в междугородном сообщении
49.39.12,49.39.1,H,Регулярные перевозки пассажиров автобусами в международном сообщении
49.39.13,49.39.1,H,Специальные перевозки (для собственных нужд) автобусами
49.39.2,49.39,H,"Перевозка пассажиров фуникулерами, подвесными канатными дорогами и лыжными подъемниками, не являющимися частью внутригородской, пригородной или городской и пригородной транспортных систем"
49.39.3,49.39,H,Перевозки пассажиров сухопутным транспортом по заказам
49.39.31,49.39.3,H,Перевозки пассажиров арендованными автобусами с водителем
49.39.32,49.39.3,H,Перевозка пассажиров автобусами по туристическим или экскурсионным маршрутам
49.39.33,49.39.3,H,"Перевозка пассажиров автобусами в городском и пригородном сообщении по заказам, за исключением перевозки арендованными автобусами с водителем и по туристическим или экскурсионным маршрутам"
49.39.34,49.39.3,H,"Перевозка пассажиров автобусами в междугородном и международном сообщении по заказам, за исключением перевозки арендованными автобусами с водителем и по туристическим или экскурсионным маршрутам"
49.39.35,49.39.3,H,"Перевозка пассажиров транспортными средствами, приводимыми в движение человеком или животными"
49.39.39,49.39.3,H,"Перевозки пассажиров сухопутным транспортом прочие, не включенные в другие группировки"
49.4,49,H,Деятельность автомобильного грузового транспорта и услуги по перевозкам
49.41,49.4,H,Деятельность автомобильного грузового транспорта
49.41.1,49.41,H,Перевозка грузов специализированными автотранспортными средствами
49.41.2,49.41,H,Перевозка грузов неспециализированными автотранспортными средствами
49.41.3,49.41,H,Аренда грузового автомобильного транспорта с водителем
49.42,49.4,H,Предоставление услуг по перевозкам
49.5,49,H,Деятельность трубопроводного транспорта
49.50,49.5,H,Деятельность трубопроводного транспорта
49.50.1,49.50,H,Транспортирование по трубопроводам нефти и нефтепродуктов
49.50.11,49.50.1,H,Транспортирование по трубопроводам нефти
49.50.12,49.50.1,H,Транспортирование по трубопроводам нефтепродуктов
49.50.2,49.50,H,Транспортирование по трубопроводам газа и продуктов его переработки
49.50.21,49.50.2,H,Транспортирование по трубопроводам газа
49.50.22,49.50.2,H,Транспортирование по трубопроводам продуктов переработки газа
49.50.3,49.50,H,Сухопутная конвейерная транспортировка угля
49.50.9,49.50,H,Деятельность трубопроводного транспорта прочая
50,H,H,Деятельность водного транспорта
50.1,50,H,Деятельность морского пассажирского транспорта
50.10,50.1,H,Деятельность морского пассажирского транспорта
50.10.1,50.10,H,Перевозка пассажиров морскими судами заграничного плавания
50.10.11,50.10.1,H,"Перевозка пассажиров морскими судами заграничного плавания, подчиняющимися расписанию"
50.10.12,50.10.1,H,"Перевозка пассажиров морскими судами заграничного плавания, не подчиняющимися расписанию"
50.10.2,50.10,H,Перевозка пассажиров морскими судами каботажного плавания
50.10.21,50.10.2,H,"Перевозка пассажиров морскими судами каботажного плавания, подчиняющимися расписанию"
50.10.22,50.10.2,H,"Перевозка пассажиров морскими судами каботажного плавания, не подчиняющимися расписанию"
50.10.3,50.10,H,Аренда морских судов заграничного и каботажного плавания для перевозки пассажиров с экипажем
50.10.31,50.10.3,H,Аренда морских судов заграничного плавания для перевозки пассажиров с экипажем
50.10.32,50.10.3,H,Аренда морских судов каботажного плавания для перевозки пассажиров с экипажем
50.10.39,50.10.3,H,Аренда прочих морских судов для перевозки пассажиров с экипажем
50.2,50,H,Деятельность морского грузового транспорта
50.20,50.2,H,Деятельность морского грузового транспорта
50.20.1,50.20,H,Перевозка грузов морскими судами заграничного плавания
50.20.11,50.20.1,H,Перевозка замороженных или охлажденных грузов судами-рефрижераторами заграничного плавания
50.20.12,50.20.1,H,Перевозка нефти морскими судами-танкерами заграничного плавания
50.20.13,50.20.1,H,Перевозка прочих жидкостей или газов морскими судами-танкерами заграничного плавания
50.20.14,50.20.1,H,Перевозка контейнерных грузов судами-контейнеровозами заграничного плавания
50.20.15,50.20.1,H,Перевозка сухих сыпучих грузов морскими судами заграничного плавания
50.20.16,50.20.1,H,"Транспортирование (перевозка) ядерных материалов, радиоактивных веществ, радиационных источников, частей ядерных установок, радиоактивных отходов морскими судами заграничного плавания"
50.20.19,50.20.1,H,Перевозка прочих грузов морскими судами заграничного плавания
50.20.2,50.20,H,Перевозка грузов морскими судами каботажного плавания
50.20.21,50.20.2,H,Перевозка замороженных или охлажденных грузов судами-рефрижераторами каботажного плавания
50.20.22,50.20.2,H,Перевозка нефти морскими судами-танкерами каботажного плавания
50.20.23,50.20.2,H,Перевозка прочих жидкостей или газов морскими судами-танкерами каботажного плавания
50.20.24,50.20.2,H,Перевозка контейнерных грузов судами-контейнеровозами каботажного плавания
50.20.25,50.20.2,H,Перевозка сухих сыпучих грузов морскими судами каботажного плавания
50.20.26,50.20.2,H,"Транспортирование (перевозка) ядерных материалов, радиоактивных веществ, радиационных источников, частей ядерных установок, радиоактивных отходов морскими судами каботажного плавания"
50.20.29,50.20.2,H,Перевозка прочих грузов морскими судами каботажного плавания
50.20.3,50.20,H,Аренда морских судов заграничного и каботажного плавания для перевозки грузов с экипажем
50.20.31,50.20.3,H,Аренда морских судов заграничного плавания для перевозки грузов с экипажем
50.20.32,50.20.3,H,Аренда морских судов каботажного плавания для перевозки грузов с экипажем
50.20.4,50.20,H,"Буксировка и маневровые услуги, оказываемые судами заграничного и каботажного плавания"
50.20.41,50.20.4,H,Буксировка судами заграничного и каботажного плавания
50.20.42,50.20.4,H,Деятельность по оказанию маневровых услуг судами заграничного и каботажного плавания
50.3,50,H,Деятельность внутреннего водного пассажирского транспорта
50.30,50.3,H,Деятельность внутреннего водного пассажирского транспорта
50.30.1,50.30,H,Перевозка пассажиров по внутренним водным путям
50.30.2,50.30,H,Аренда судов внутреннего водного транспорта для перевозки пассажиров с экипажем
50.4,50,H,Деятельность внутреннего водного грузового транспорта
50.40,50.4,H,Деятельность внутреннего водного грузового транспорта
50.40.1,50.40,H,Перевозка грузов по внутренним водным путям
50.40.2,50.40,H,Буксировка и маневровые услуги на внутренних водных путях
50.40.3,50.40,H,Аренда судов внутреннего водного транспорта для перевозки грузов с экипажем
51,H,H,Деятельность воздушного и космического транспорта
51.1,51,H,Деятельность пассажирского воздушного транспорта
51.10,51.1,H,Деятельность пассажирского воздушного транспорта
51.10.1,51.10,H,"Перевозка воздушным пассажирским транспортом, подчиняющимся расписанию"
51.10.2,51.10,H,"Перевозка воздушным пассажирским транспортом, не подчиняющимся расписанию"
51.10.3,51.10,H,Аренда воздушного судна с экипажем для перевозки пассажиров
51.2,51,H,Деятельность грузового воздушного транспорта и космического транспорта
51.21,51.2,H,Деятельность грузового воздушного транспорта
51.21.1,51.21,H,"Перевозка воздушным грузовым транспортом, подчиняющимся расписанию"
51.21.2,51.21,H,"Перевозка воздушным грузовым транспортом, не подчиняющимся расписанию"
51.21.3,51.21,H,Аренда грузовых воздушных судов с экипажем
51.22,51.2,H,Деятельность космического транспорта
51.22.1,51.22,H,Перевозка пассажиров космическим транспортом
51.22.2,51.22,H,Перевозка грузов космическим транспортом
51.22.3,51.22,H,Запуск ракет космического назначения и выведение космических объектов на орбиту
51.22.4,51.22,H,Деятельность космических лабораторий
52,H,H,Складское хозяйство и вспомогательная транспортная деятельность
52.1,52,H,Деятельность по складированию и хранению
52.10,52.1,H,Деятельность по складированию и хранению
52.10.1,52.10,H,Хранение и складирование замороженных или охлажденных грузов
52.10.2,52.10,H,Хранение и складирование жидких или газообразных грузов
52.10.21,52.10.2,H,Хранение и складирование нефти и продуктов ее переработки
52.10.22,52.10.2,H,Хранение и складирование газа и продуктов его переработки
52.10.23,52.10.2,H,Хранение и складирование прочих жидких или газообразных грузов
52.10.3,52.10,H,Хранение и складирование зерна
52.10.4,52.10,H,Хранение ядерных материалов и радиоактивных веществ
52.10.9,52.10,H,Хранение и складирование прочих грузов
52.2,52,H,Деятельность транспортная вспомогательная
52.21,52.2,H,"Деятельность вспомогательная, связанная с сухопутным транспортом"
52.21.1,52.21,H,"Деятельность вспомогательная, связанная с железнодорожным транспортом"
52.21.11,52.21.1,H,Предоставление железнодорожных маневровых или буксировочных услуг
52.21.12,52.21.1,H,Деятельность железнодорожных пассажирских вокзалов и грузовых терминалов
52.21.13,52.21.1,H,Деятельность железнодорожной инфраструктуры
52.21.19,52.21.1,H,"Деятельность вспомогательная прочая, связанная с железнодорожным транспортом"
52.21.2,52.21,H,"Деятельность вспомогательная, связанная с автомобильным транспортом"
52.21.21,52.21.2,H,Деятельность автовокзалов и автостанций
52.21.22,52.21.2,H,Деятельность по эксплуатации автомобильных дорог и автомагистралей
52.21.23,52.21.2,H,Деятельность по эксплуатации мостов и тоннелей
52.21.24,52.21.2,H,Деятельность стоянок для транспортных средств
52.21.25,52.21.2,H,Деятельность по буксировке автотранспортных средств
52.21.29,52.21.2,H,"Деятельность вспомогательная прочая, связанная с автомобильным транспортом"
52.21.3,52.21,H,"Деятельность вспомогательная, связанная с трубопроводным транспортом"
52.22,52.2,H,"Деятельность вспомогательная, связанная с водным транспортом"
52.22.1,52.22,H,"Деятельность вспомогательная, связанная с морским транспортом"
52.22.11,52.22.1,H,"Деятельность инфраструктуры морских портов, включая портовые гидротехнические сооружения (причалы, морские терминалы, доки и др.)"
52.22.12,52.22.1,H,"Обеспечение судоходства в морских и прибрежных водах, включая лоцманскую проводку судов"
52.22.13,52.22.1,H,"Деятельность по постановке судов к причалу, осуществление швартовых операций с судами в морских портах"
52.22.14,52.22.1,H,Деятельность по навигационному обеспечению судоходства на морском транспорте
52.22.15,52.22.1,H,Деятельность аварийно-спасательная и судоподъемная на морском транспорте
52.22.16,52.22.1,H,"Снабженческое (шипчандлерское) обслуживание судов, включая бункеровку судов топливом, обслуживание судов в период стоянки в портах: агентирование судов, обследовательское (сюрвейерское) обслуживание судов на морском транспорте"
52.22.17,52.22.1,H,Производство водолазных работ по обслуживанию морских судов
52.22.18,52.22.1,H,Деятельность ледокольного флота на морском транспорте
52.22.19,52.22.1,H,"Деятельность вспомогательная, связанная морским транспортом, прочая, не включенная в другие группировки"
52.22.2,52.22,H,"Деятельность вспомогательная, связанная с внутренним водным транспортом"
52.22.21,52.22.2,H,Деятельность инфраструктуры речных портов и гидротехнических сооружений
52.22.22,52.22.2,H,"Обеспечение судоходства по внутренним водным путям, в том числе лоцманская проводка судов"
52.22.23,52.22.2,H,"Деятельность по постановке судов к причалу, осуществление швартовых операций в речных портах на внутреннем водном транспорте"
52.22.24,52.22.2,H,Деятельность по навигационному обеспечению судоходства на внутреннем водном транспорте
52.22.25,52.22.2,H,Деятельность аварийно-спасательная и судоподъемная на внутреннем водном транспорте
52.22.26,52.22.2,H,"Снабженческое (шипчандлерское) обслуживание судов, включая бункеровку судов топливом, обслуживание судов в период стоянки в портах: агентирование судов, обследовательское (сюрвейерское) обслуживание судов на внутреннем водном транспорте"
52.22.27,52.22.2,H,Производство водолазных работ по обслуживанию судов на внутреннем водном транспорте
52.22.28,52.22.2,H,Деятельность ледокольного флота на внутреннем водном транспорте
52.22.29,52.22.2,H,"Деятельность вспомогательная, связанная с внутренним водным транспортом, прочая, не включенная в другие группировки"
52.23,52.2,H,"Деятельность вспомогательная, связанная с воздушным и космическим транспортом"
52.23.1,52.23,H,"Деятельность вспомогательная, связанная с воздушным транспортом"
52.23.11,52.23.1,H,Деятельность аэропортовая
52.23.12,52.23.1,H,Обеспечение обслуживания (управления) воздушного движения
52.23.13,52.23.1,H,Выполнение авиационных работ
52.23.19,52.23.1,H,"Деятельность вспомогательная прочая, связанная с воздушным транспортом"
52.23.2,52.23,H,"Деятельность вспомогательная, связанная с космическим транспортом"
52.23.21,52.23.2,H,Деятельность наземных центров управления полетами космических объектов в космическом пространстве и центров (пунктов) космической связи
52.23.22,52.23.2,H,"Деятельность поисковых и аварийно-спасательных служб, в том числе по эвакуации спускаемых аппаратов (капсул), составных частей ракет космического назначения"
52.23.23,52.23.2,H,"Деятельность, связанная с подготовкой космонавтов для работы непосредственно в космическом пространстве"
52.23.29,52.23.2,H,"Деятельность вспомогательная прочая, связанная с космическим транспортом"
52.24,52.2,H,Транспортная обработка грузов
52.24.1,52.24,H,Транспортная обработка контейнеров
52.24.2,52.24,H,Транспортная обработка прочих грузов
52.29,52.2,H,"Деятельность вспомогательная прочая, связанная с перевозками"
53,H,H,Деятельность почтовой связи и курьерская деятельность
53.1,53,H,Деятельность почтовой связи общего пользования
53.10,53.1,H,Деятельность почтовой связи общего пользования
53.10.1,53.10,H,"Деятельность почтовой связи, связанная с пересылкой газет и других периодических изданий"
53.10.2,53.10,H,"Деятельность почтовой связи, связанная с пересылкой письменной корреспонденции"
53.10.3,53.10,H,"Деятельность почтовой связи, связанная с пересылкой посылочной почты"
53.10.4,53.10,H,Деятельность почтовой связи дополнительная
53.10.9,53.10,H,Деятельность почтовой связи общего пользования прочая
53.2,53,H,Деятельность почтовой связи прочая и курьерская деятельность
53.20,53.2,H,Деятельность почтовой связи прочая и курьерская деятельность
53.20.1,53.20,H,Деятельность специальной почтовой связи
53.20.2,53.20,H,Деятельность фельдъегерской связи
53.20.21,53.20.2,H,Деятельность федеральной фельдъегерской связи
53.20.22,53.20.2,H,Деятельность фельдъегерско-почтовой связи
53.20.29,53.20.2,H,"Деятельность почтовой связи прочая, не включенная в другие группировки"
53.20.3,53.20,H,Деятельность курьерская
53.20.31,53.20.3,H,Деятельность по курьерской доставке различными видами транспорта
53.20.32,53.20.3,H,Деятельность по доставке еды на дом
53.20.39,53.20.3,H,Деятельность курьерская прочая
55,I,I,Деятельность по предоставлению мест для временного проживания
55.1,55,I,Деятельность гостиниц и прочих мест для временного проживания
55.10,55.1,I,Деятельность гостиниц и прочих мест для временного проживания
55.2,55,I,Деятельность по предоставлению мест для краткосрочного проживания
55.20,55.2,I,Деятельность по предоставлению мест для краткосрочного проживания
55.3,55,I,"Деятельность по предоставлению мест для временного проживания в кемпингах, жилых автофургонах и туристических автоприцепах"
55.30,55.3,I,"Деятельность по предоставлению мест для временного проживания в кемпингах, жилых автофургонах и туристических автоприцепах"
55.9,55,I,Деятельность по предоставлению прочих мест для временного проживания
55.90,55.9,I,Деятельность по предоставлению прочих мест для временного проживания
56,I,I,Деятельность по предоставлению продуктов питания и напитков
56.1,56,I,Деятельность ресторанов и услуги по доставке продуктов питания
56.10,56.1,I,Деятельность ресторанов и услуги по доставке продуктов питания
56.10.1,56.10,I,"Деятельность ресторанов и кафе с полным ресторанным обслуживанием, кафетериев, ресторанов быстрого питания и самообслуживания"
56.10.2,56.10,I,"Деятельность по приготовлению и/или продаже пищи, готовой к непосредственному употреблению на месте, с транспортных средств или передвижных лавок"
56.10.21,56.10.2,I,Деятельность предприятий общественного питания с обслуживанием на вынос
56.10.22,56.10.2,I,"Деятельность передвижных продовольственных лавок по приготовлению и/или продаже пищи, готовой к употреблению"
56.10.23,56.10.2,I,"Деятельность вагончиков, палаток по приготовлению и продаже мороженого"
56.10.24,56.10.2,I,Деятельность рыночных киосков и торговых палаток по приготовлению пищи
56.10.3,56.10,I,Деятельность ресторанов и баров по обеспечению питанием в железнодорожных вагонахресторанах и на судах
56.2,56,I,Деятельность предприятий общественного питания по обслуживанию торжественных мероприятий и прочим видам организации питания
56.21,56.2,I,Деятельность предприятий общественного питания по обслуживанию торжественных мероприятий
56.29,56.2,I,Деятельность предприятий общественного питания по прочим видам организации питания
56.29.1,56.29,I,"Деятельность организаций общественного питания, поставляющих готовую пищу (для транспортных и строительных компаний, туристическим группам, личному составу вооруженных сил, предприятиям розничной торговли и другим группам потребителей) по договору"
56.29.2,56.29,I,Деятельность столовых и буфетов при предприятиях и учреждениях
56.29.3,56.29,I,"Деятельность по доставке продуктов питания учебным, спортивным и прочим учреждениям (по льготным ценам)"
56.29.4,56.29,I,"Деятельность социальных столовых, буфетов или кафетериев (в офисах, больницах, школах, институтах и пр.) на основе льготных цен на питание"
56.3,56,I,Подача напитков
56.30,56.3,I,Подача напитков
58,J,J,Деятельность издательская
58.1,58,J,"Издание книг, периодических публикаций и другие виды издательской деятельности"
58.11,58.1,J,Издание книг
58.11.1,58.11,J,"Издание книг, брошюр, рекламных буклетов и аналогичных изданий, включая издание словарей и энциклопедий, в том числе для слепых, в печатном виде"
58.11.2,58.11,J,"Издание книг, брошюр, рекламных буклетов и аналогичных изданий, включая издание словарей и энциклопедий на электронных носителях"
58.11.3,58.11,J,"Издание атласов, карт и таблиц, в том числе для слепых, в печатном виде"
58.11.4,58.11,J,"Издание атласов, карт и таблиц на электронных носителях"
58.12,58.1,J,Издание адресных справочников и списков адресатов
58.12.1,58.12,J,Издание справочников в печатном виде
58.12.2,58.12,J,Издание справочников на электронных носителях
58.13,58.1,J,Издание газет
58.13.1,58.13,J,Издание газет в печатном виде
58.13.2,58.13,J,Издание газет на электронных носителях
58.14,58.1,J,Издание журналов и периодических изданий
58.14.1,58.14,J,Издание журналов и периодических публикаций в печатном виде
58.14.2,58.14,J,Издание журналов и периодических публикаций на электронных носителях
58.19,58.1,J,Виды издательской деятельности прочие
58.2,58,J,Издание программного обеспечения
58.21,58.2,J,Издание компьютерных игр
58.29,58.2,J,Издание прочих программных продуктов
59,J,J,"Производство кинофильмов, видеофильмов и телевизионных программ, издание звукозаписей и нот"
59.1,59,J,"Производство кинофильмов, видеофильмов и телевизионных программ"
59.11,59.1,J,"Производство кинофильмов, видеофильмов и телевизионных программ"
59.11.1,59.11,J,Производство анимационных фильмов
59.11.9,59.11,J,"Производство прочих кинофильмов, видеофильмов и телевизионных программ"
59.12,59.1,J,"Деятельность монтажно-компоновочная в области производства кинофильмов, видеофильмов и телевизионных программ"
59.13,59.1,J,"Деятельность по распространению кинофильмов, видеофильмов и телевизионных программ"
59.14,59.1,J,Деятельность в области демонстрации кинофильмов
59.2,59,J,Деятельность в области звукозаписи и издания музыкальных произведений
59.20,59.2,J,Деятельность в области звукозаписи и издания музыкальных произведений
59.20.1,59.20,J,"Издание аудиовизуальных произведений на магнитных, электронных и цифровых носителях"
59.20.2,59.20,J,Деятельность студий звукозаписи
59.20.3,59.20,J,"Издание музыкальных и нотных тетрадей, в том числе для слепых"
60,J,J,Деятельность в области телевизионного и радиовещания
60.1,60,J,Деятельность в области радиовещания
60.10,60.1,J,Деятельность в области радиовещания
60.2,60,J,Деятельность в области телевизионного вещания
60.20,60.2,J,Деятельность в области телевизионного вещания
61,J,J,Деятельность в сфере телекоммуникаций
61.1,61,J,Деятельность в области связи на базе проводных технологий
61.10,61.1,J,Деятельность в области связи на базе проводных технологий
61.10.1,61.10,J,Деятельность по предоставлению услуг телефонной связи
61.10.2,61.10,J,Деятельность по предоставлению услуг по передаче данных для целей передачи голосовой информации (IР-телефония)
61.10.3,61.10,J,Деятельность по предоставлению услуг по передаче данных и услуг доступа к информационно-коммуникационной сети Интернет
61.10.4,61.10,J,Деятельность в области документальной электросвязи
61.10.5,61.10,J,Деятельность по трансляции телерадиоканалов по сетям кабельного телерадиовещания
61.10.6,61.10,J,Деятельность операторов связи по присоединению и пропуску трафика
61.10.8,61.10,J,Деятельность операторов связи по присоединению и пропуску международного трафика
61.10.9,61.10,J,Деятельность в области связи на базе проводных технологий прочая
61.2,61,J,Деятельность в области связи на базе беспроводных технологий
61.20,61.2,J,Деятельность в области связи на базе беспроводных технологий
61.20.1,61.20,J,Деятельность по предоставлению услуг подвижной связи для целей передачи голоса
61.20.2,61.20,J,Деятельность по предоставлению услуг подвижной связи для целей передачи данных
61.20.3,61.20,J,Деятельность по предоставлению услуг подвижной связи для доступа к информационно-коммуникационной сети Интернет
61.20.4,61.20,J,Деятельность по предоставлению услуг связи для целей открытого эфирного вещания
61.20.5,61.20,J,Деятельность по предоставлению услуг цифрового телерадиовещания на базе беспроводных технологий
61.3,61,J,Деятельность в области спутниковой связи
61.30,61.3,J,Деятельность в области спутниковой связи
61.30.1,61.30,J,Деятельность по предоставлению услуг доступа к информационно-коммуникационной сети Интернет оператором спутниковой связи
61.30.2,61.30,J,Деятельность по предоставлению услуг трансляции телерадиоканалов по сетям спутникового телерадиовещания
61.9,61,J,Деятельность в области телекоммуникаций прочая
61.90,61.9,J,Деятельность в области телекоммуникаций прочая
62,J,J,"Разработка компьютерного программного обеспечения, консультационные услуги в данной области и другие сопутствующие услуги"
62.0,62,J,"Разработка компьютерного программного обеспечения, консультационные услуги в данной области и другие сопутствующие услуги"
62.01,62.0,J,Разработка компьютерного программного обеспечения
62.02,62.0,J,Деятельность консультативная и работы в области компьютерных технологий
62.02.1,62.02,J,"Деятельность по планированию, проектированию компьютерных систем"
62.02.2,62.02,J,Деятельность по обследованию и экспертизе компьютерных систем
62.02.3,62.02,J,Деятельность по обучению пользователей
62.02.4,62.02,J,Деятельность по подготовке компьютерных систем к эксплуатации
62.02.9,62.02,J,Деятельность консультативная в области компьютерных технологий прочая
62.03,62.0,J,Деятельность по управлению компьютерным оборудованием
62.03.1,62.03,J,Деятельность по управлению компьютерными системами
62.03.11,62.03.1,J,Деятельность по управлению компьютерными системами непосредственно
62.03.12,62.03.1,J,Деятельность по управлению компьютерными системами дистанционно
62.03.13,62.03.1,J,Деятельность по сопровождению компьютерных систем
62.03.19,62.03.1,J,"Деятельность по управлению компьютерным оборудованием прочая, не включенная в другие группировки"
62.09,62.0,J,"Деятельность, связанная с использованием вычислительной техники и информационных технологий, прочая"
63,J,J,Деятельность в области информационных технологий
63.1,63,J,"Деятельность по обработке данных, предоставление услуг по размещению информации, деятельность порталов в информационно-коммуникационной сети Интернет"
63.11,63.1,J,"Деятельность по обработке данных, предоставление услуг по размещению информации и связанная с этим деятельность"
63.11.1,63.11,J,Деятельность по созданию и использованию баз данных и информационных ресурсов
63.11.9,63.11,J,Деятельность по предоставлению услуг по размещению информации прочая
63.12,63.1,J,Деятельность web-порталов
63.12.1,63.12,J,Деятельность сетевых изданий
63.9,63,J,Деятельность в области информационных услуг прочая
63.91,63.9,J,Деятельность информационных агентств
63.99,63.9,J,"Деятельность информационных служб прочая, не включенная в другие группировки"
63.99.1,63.99,J,Деятельность по оказанию консультационных и информационных услуг
63.99.11,63.99.1,J,Деятельность по оказанию компьютерных информационных услуг телефонной связи
63.99.12,63.99.1,J,Деятельность по оказанию услуг службами информационного поиска по договору или на платной основе
63.99.2,63.99,J,"Деятельность по оказанию услуг по составлению обзоров новостей, услуг по подборке печатных изданий и подобной информации"
64,K,K,"Деятельность по предоставлению финансовых услуг, кроме услуг по страхованию и пенсионному обеспечению"
64.1,64,K,Денежное посредничество
64.11,64.1,K,Деятельность Центрального банка Российской Федерации (Банка России)
64.19,64.1,K,Денежное посредничество прочее
64.2,64,K,Деятельность холдинговых компаний
64.20,64.2,K,Деятельность холдинговых компаний
64.3,64,K,Деятельность инвестиционных фондов и аналогичных финансовых организаций
64.30,64.3,K,Деятельность инвестиционных фондов и аналогичных финансовых организаций
64.9,64,K,"Деятельность по предоставлению прочих финансовых услуг, кроме услуг по страхованию и пенсионному обеспечению"
64.91,64.9,K,Деятельность по финансовой аренде (лизингу/сублизингу)
64.91.1,64.91,K,Деятельность по финансовой аренде (лизингу/сублизингу) племенных животных
64.91.2,64.91,K,"Деятельность по финансовой аренде (лизингу/сублизингу) в прочих областях, кроме племенных животных"
64.92,64.9,K,Предоставление займов и прочих видов кредита
64.92.1,64.92,K,Деятельность по предоставлению потребительского кредита
64.92.2,64.92,K,Деятельность по предоставлению займов промышленности
64.92.3,64.92,K,Деятельность по предоставлению денежных ссуд под залог недвижимого имущества
64.92.4,64.92,K,"Деятельность по предоставлению кредитов на покупку домов специализированными учреждениями, не принимающими депозиты"
64.92.6,64.92,K,Деятельность по предоставлению ломбардами краткосрочных займов под залог движимого имущества
64.92.7,64.92,K,Деятельность микрофинансовая
64.99,64.9,K,"Предоставление прочих финансовых услуг, кроме услуг по страхованию и пенсионному обеспечению, не включенных в другие группировки"
64.99.1,64.99,K,Вложения в ценные бумаги
64.99.2,64.99,K,Деятельность дилерская
64.99.3,64.99,K,"Капиталовложения в уставные капиталы, венчурное инвестирование, в том числе посредством инвестиционных компаний"
64.99.4,64.99,K,"Заключение свопов, опционов и других срочных сделок"
64.99.5,64.99,K,Предоставление факторинговых услуг
64.99.6,64.99,K,Деятельность по финансовой взаимопомощи
64.99.7,64.99,K,"Деятельность специализированного депозитария инвестиционных фондов, паевых инвестиционных фондов, негосударственных пенсионных фондов"
64.99.8,64.99,K,"Деятельность ипотечных агентов, управляющих ипотечным покрытием; деятельность специализированных депозитариев ипотечного покрытия"
64.99.9,64.99,K,Деятельность жилищных накопительных кооперативов
65,K,K,"Страхование, перестрахование, деятельность негосударственных пенсионных фондов, кроме обязательного социального обеспечения"
65.1,65,K,Страхование
65.11,65.1,K,Страхование жизни
65.12,65.1,K,"Страхование, кроме страхования жизни"
65.12.1,65.12,K,Страхование медицинское
65.12.2,65.12,K,Страхование имущества
65.12.3,65.12,K,Страхование гражданской ответственности
65.12.4,65.12,K,Страхование от несчастных случаев и болезней
65.12.5,65.12,K,Страхование рисков
65.12.6,65.12,K,"Страхование для путешественника, выезжающего за пределы постоянного проживания"
65.12.9,65.12,K,"Прочие виды страхования, не включенные в другие группировки"
65.2,65,K,Перестрахование
65.20,65.2,K,Перестрахование
65.3,65,K,Деятельность негосударственных пенсионных фондов
65.30,65.3,K,Деятельность негосударственных пенсионных фондов
66,K,K,Деятельность вспомогательная в сфере финансовых услуг и страхования
66.1,66,K,"Деятельность вспомогательная в сфере финансовых услуг, кроме страхования и пенсионного обеспечения"
66.11,66.1,K,Управление финансовыми рынками
66.11.1,66.11,K,Деятельность по организации торговли на финансовых рынках
66.11.2,66.11,K,"Управление и контроль за деятельностью фондовых, товарных, валютных и валютнофондовых бирж"
66.11.3,66.11,K,Деятельность регистраторов по ведению реестра владельцев ценных бумаг
66.11.4,66.11,K,Деятельность по обеспечению эффективности функционирования финансовых рынков
66.11.5,66.11,K,Деятельность по определению взаимных обязательств (клиринг)
66.12,66.1,K,Деятельность брокерская по сделкам с ценными бумагами и товарами
66.12.1,66.12,K,"Деятельность биржевых посредников и биржевых брокеров, совершающих товарные фьючерсные и опционные сделки в биржевой торговле"
66.12.2,66.12,K,Деятельность по управлению ценными бумагами
66.12.3,66.12,K,Деятельность эмиссионная
66.19,66.1,K,"Деятельность вспомогательная прочая в сфере финансовых услуг, кроме страхования и пенсионного обеспечения"
66.19.1,66.19,K,Деятельность по предоставлению брокерских услуг по ипотечным операциям
66.19.3,66.19,K,Деятельность по предоставлению услуг по обработке наличных денег
66.19.4,66.19,K,Деятельность по предоставлению консультационных услуг по вопросам финансового посредничества
66.19.5,66.19,K,"Предоставление услуг по хранению ценностей, депозитарная деятельность"
66.19.6,66.19,K,Деятельность по приему платежей физических лиц платежными агентами
66.19.61,66.19.6,K,Деятельность операторов по приему платежей физических лиц
66.19.62,66.19.6,K,Деятельность платежных субагентов по приему платежей физических лиц
66.19.7,66.19,K,Рейтинговая деятельность
66.2,66,K,Деятельность вспомогательная в сфере страхования и пенсионного обеспечения
66.21,66.2,K,Оценка рисков и ущерба
66.22,66.2,K,Деятельность страховых агентов и брокеров
66.29,66.2,K,Деятельность вспомогательная прочая в сфере страхования и пенсионного обеспечения
66.29.1,66.29,K,Деятельность страховых актуариев
66.29.2,66.29,K,Деятельность распорядителей спасательными работами
66.29.9,66.29,K,"Деятельность вспомогательная прочая в сфере страхования, кроме обязательного социального страхования"
66.3,66,K,Деятельность по управлению фондами
66.30,66.3,K,Деятельность по управлению фондами
66.30.1,66.30,K,Управление инвестиционными фондами
66.30.2,66.30,K,Управление фондами денежного рынка
66.30.3,66.30,K,Управление пенсионными накоплениями негосударственных пенсионных фондов
66.30.4,66.30,K,Управление пенсионными резервами негосударственных пенсионных фондов
66.30.5,66.30,K,Управление страховыми резервами субъектов страхового дела
66.30.6,66.30,K,Управление на основе индивидуальных договоров доверительного управления активами
66.30.9,66.30,K,Другие виды деятельности по управлению активами
68,L,L,Операции с недвижимым имуществом
68.1,68,L,Покупка и продажа собственного недвижимого имущества
68.10,68.1,L,Покупка и продажа собственного недвижимого имущества
68.10.1,68.10,L,Подготовка к продаже собственного недвижимого имущества
68.10.11,68.10.1,L,Подготовка к продаже собственного жилого недвижимого имущества
68.10.12,68.10.1,L,Подготовка к продаже собственного нежилого недвижимого имущества
68.10.2,68.10,L,Покупка и продажа собственного недвижимого имущества
68.10.21,68.10.2,L,Покупка и продажа собственного жилого недвижимого имущества
68.10.22,68.10.2,L,Покупка и продажа собственных нежилых зданий и помещений
68.10.23,68.10.2,L,Покупка и продажа земельных участков
68.2,68,L,Аренда и управление собственным или арендованным недвижимым имуществом
68.20,68.2,L,Аренда и управление собственным или арендованным недвижимым имуществом
68.20.1,68.20,L,Аренда и управление собственным или арендованным жилым недвижимым имуществом
68.20.2,68.20,L,Аренда и управление собственным или арендованным нежилым недвижимым имуществом
68.3,68,L,Операции с недвижимым имуществом за вознаграждение или на договорной основе
68.31,68.3,L,Деятельность агентств недвижимости за вознаграждение или на договорной основе
68.31.1,68.31,L,Предоставление посреднических услуг при купле-продаже недвижимого имущества за вознаграждение или на договорной основе
68.31.11,68.31.1,L,Предоставление посреднических услуг при купле-продаже жилого недвижимого имущества за вознаграждение или на договорной основе
68.31.12,68.31.1,L,Предоставление посреднических услуг при купле-продаже нежилого недвижимого имущества за вознаграждение или на договорной основе
68.31.2,68.31,L,Предоставление посреднических услуг по аренде недвижимого имущества за вознаграждение или на договорной основе
68.31.21,68.31.2,L,Предоставление посреднических услуг по аренде жилого недвижимого имущества за вознаграждение или на договорной основе
68.31.22,68.31.2,L,Предоставление посреднических услуг по аренде нежилого недвижимого имущества за вознаграждение или на договорной основе
68.31.3,68.31,L,Предоставление консультационных услуг при купле-продаже недвижимого имущества за вознаграждение или на договорной основе
68.31.31,68.31.3,L,Предоставление консультационных услуг при купле-продаже жилого недвижимого имущества за вознаграждение или на договорной основе
68.31.32,68.31.3,L,Предоставление консультационных услуг при купле-продаже нежилого недвижимого имущества за вознаграждение или на договорной основе
68.31.4,68.31,L,Предоставление консультационных услуг по аренде недвижимого имущества за вознаграждение или на договорной основе
68.31.41,68.31.4,L,Предоставление консультационных услуг по аренде жилого недвижимого имущества за вознаграждение или на договорной основе
68.31.42,68.31.4,L,Предоставление консультационных услуг по аренде нежилого недвижимого имущества за вознаграждение или на договорной основе
68.31.5,68.31,L,Предоставление посреднических услуг при оценке недвижимого имущества за вознаграждение или на договорной основе
68.31.51,68.31.5,L,Предоставление посреднических услуг при оценке жилого недвижимого имущества за вознаграждение или на договорной основе
68.31.52,68.31.5,L,Предоставление посреднических услуг при оценке нежилого недвижимого имущества за вознаграждение или на договорной основе
68.32,68.3,L,Управление недвижимым имуществом за вознаграждение или на договорной основе
68.32.1,68.32,L,Управление эксплуатацией жилого фонда за вознаграждение или на договорной основе
68.32.2,68.32,L,Управление эксплуатацией нежилого фонда за вознаграждение или на договорной основе
68.32.3,68.32,L,Деятельность по технической инвентаризации недвижимого имущества
69,M,M,Деятельность в области права и бухгалтерского учета
69.1,69,M,Деятельность в области права
69.10,69.1,M,Деятельность в области права
69.2,69,M,"Деятельность по оказанию услуг в области бухгалтерского учета, по проведению финансового аудита, по налоговому консультированию"
69.20,69.2,M,"Деятельность по оказанию услуг в области бухгалтерского учета, по проведению финансового аудита, по налоговому консультированию"
69.20.1,69.20,M,Деятельность по проведению финансового аудита
69.20.2,69.20,M,Деятельность по оказанию услуг в области бухгалтерского учета
69.20.3,69.20,M,Деятельность области налогового консультирования
70,M,M,Деятельность головных офисов; консультирование по вопросам управления
70.1,70,M,Деятельность головных офисов
70.10,70.1,M,Деятельность головных офисов
70.10.1,70.10,M,Деятельность по управлению финансово-промышленными группами
70.10.2,70.10,M,Деятельность по управлению холдинг-компаниями
70.2,70,M,Консультирование по вопросам управления
70.21,70.2,M,Деятельность в сфере связей с общественностью
70.22,70.2,M,Консультирование по вопросам коммерческой деятельности и управления
71,M,M,"Деятельность в области архитектуры и инженерно-технического проектирования; технических испытаний, исследований и анализа"
71.1,71,M,"Деятельность в области архитектуры, инженерных изысканий и предоставление технических консультаций в этих областях"
71.11,71.1,M,Деятельность в области архитектуры
71.11.1,71.11,M,"Деятельность в области архитектуры, связанная с созданием архитектурного объекта"
71.11.2,71.11,M,Деятельность по территориальному планированию и планировке территории
71.11.3,71.11,M,Деятельность в области ландшафтной архитектуры и консультативные услуги в области архитектуры
71.12,71.1,M,"Деятельность в области инженерных изысканий, инженерно-технического проектирования, управления проектами строительства, выполнения строительного контроля и авторского надзора, предоставление технических консультаций в этих областях"
71.12.1,71.12,M,"Деятельность, связанная с инженерно-техническим проектированием, управлением проектами строительства, выполнением строительного контроля и авторского надзора"
71.12.11,71.12.1,M,"Разработка проектов тепло-, водо-, газоснабжения"
71.12.12,71.12.1,M,"Разработка проектов промышленных процессов и производств, относящихся к электротехнике, электронной технике, горному делу, химической технологии, машиностроению, а также в области промышленного строительства, системотехники и техники безопасности"
71.12.13,71.12.1,M,"Разработка проектов по кондиционированию воздуха, холодильной технике, санитарной технике и мониторингу загрязнения окружающей среды, строительной акустике"
71.12.14,71.12.1,M,Разработка инженерно-технических проектов и контроль при строительстве и модернизации объектов использования атомной энергии
71.12.15,71.12.1,M,Инженерные изыскания в строительстве
71.12.2,71.12,M,"Деятельность заказчика-застройщика, генерального подрядчика"
71.12.3,71.12,M,"Работы геолого-разведочные, геофизические и геохимические в области изучения недр и воспроизводства минерально-сырьевой базы"
71.12.4,71.12,M,Деятельность геодезическая и картографическая
71.12.41,71.12.4,M,"Деятельность геодезическая, кроме создания геодезической, нивелирной и гравиметрической сетей"
71.12.42,71.12.4,M,"Деятельность картографическая, кроме создания топографических карт и планов"
71.12.43,71.12.4,M,Деятельность гидрографическая изыскательская
71.12.44,71.12.4,M,Деятельность по созданию топографических карт и планов
71.12.45,71.12.4,M,"Создание геодезической, нивелирной, гравиметрической сетей"
71.12.5,71.12,M,"Деятельность в области гидрометеорологии и смежных с ней областях, мониторинга состояния окружающей среды, ее загрязнения"
71.12.51,71.12.5,M,Деятельность наблюдательной гидрометеорологической сети
71.12.52,71.12.5,M,Проведение гелиофизических и геофизических работ
71.12.53,71.12.5,M,Деятельность по мониторингу загрязнения окружающей среды для физических и юридических лиц
71.12.54,71.12.5,M,"Работы полевые и изыскания в области гидрометеорологии и смежных с ней областях, экспедиционные обследования объектов окружающей среды с целью оценки уровней загрязнения"
71.12.55,71.12.5,M,Деятельность по обработке и предоставлению гидрометеорологической информации органам государственной власти и населению
71.12.56,71.12.5,M,Обеспечение гидрометеорологическое деятельности физических и юридических лиц
71.12.57,71.12.5,M,"Деятельность, связанная с активными воздействиями на метеорологические и геофизические процессы и явления"
71.12.6,71.12,M,"Деятельность в области технического регулирования, стандартизации, метрологии, аккредитации, каталогизации продукции"
71.12.61,71.12.6,M,Деятельность в области технического регулирования и стандартизации
71.12.62,71.12.6,M,Деятельность в области метрологии
71.12.63,71.12.6,M,Деятельность в области аккредитации
71.12.64,71.12.6,M,Государственный контроль (надзор) за соблюдением требований технических регламентов
71.12.65,71.12.6,M,Федеральный государственный метрологический надзор
71.12.66,71.12.6,M,Деятельность в области каталогизации продукции
71.12.7,71.12,M,Кадастровая деятельность
71.12.8,71.12,M,Деятельность по предоставлению инженерно-технических консультаций в сфере энергосбережения и повышения энергетической эффективности использования энергетических ресурсов
71.12.9,71.12,M,Землеустройство
71.2,71,M,"Технические испытания, исследования, анализ и сертификация"
71.20,71.2,M,"Технические испытания, исследования, анализ и сертификация"
71.20.1,71.20,M,"Испытания и анализ состава и чистоты материалов и веществ: анализ химических и биологических свойств материалов и веществ; испытания и анализ в области гигиены питания, включая ветеринарный контроль и контроль за производством продуктов питания"
71.20.2,71.20,M,Судебно-экспертная деятельность
71.20.3,71.20,M,Испытания и анализ физико-механических свойств материалов и веществ
71.20.4,71.20,M,"Испытания, исследования и анализ целостных механических и электрических систем, энергетическое обследование"
71.20.5,71.20,M,Технический осмотр автотранспортных средств
71.20.6,71.20,M,"Экспертиза проектной документации, запасов полезных ископаемых и подземных вод, геологической информации о предоставляемых в пользование участках недр, результатов инженерных изысканий"
71.20.61,71.20.6,M,"Экспертиза проектной документации, запасов полезных ископаемых и подземных вод, геологической информации о предоставляемых в пользование участках недр, результатов инженерных изысканий государственная"
71.20.62,71.20.6,M,Экспертиза проектной документации и результатов инженерных изысканий негосударственная
71.20.7,71.20,M,Деятельность по оценке условий труда
71.20.8,71.20,M,"Сертификация продукции, услуг и организаций"
71.20.9,71.20,M,"Деятельность по техническому контролю, испытаниям и анализу прочая"
72,M,M,Научные исследования и разработки
72.1,72,M,Научные исследования и разработки в области естественных и технических наук
72.10.11,"",M,Проведение исследований в области социально-экономической географии
72.11,72.1,M,Научные исследования и разработки в области биотехнологии
72.19,72.1,M,Научные исследования и разработки в области естественных и технических наук прочие
72.19.1,72.19,M,Проведение фундаментальных исследований и научно-исследовательских и опытно-конструкторских работ в области использования атомной энергии и в области ядерной оружейной продукции
72.19.11,72.19.1,M,"Проведение фундаментальных исследований, научно-исследовательских и опытно-конструкторских работ в области использования атомной энергии"
72.19.12,72.19.1,M,Научные исследования и разработки в области ядерной оружейной продукции
72.19.3,72.19,M,Научные исследования и разработки в области нанотехнологий
72.19.4,72.19,M,Научные исследования и разработки в области защиты информации
72.19.9,72.19,M,"Научные исследования и разработки в области естественных и технических наук прочие, не включенные в другие группировки"
72.2,72,M,Научные исследования и разработки в области общественных и гуманитарных наук
72.20,72.2,M,Научные исследования и разработки в области общественных и гуманитарных наук
72.20.1,72.20,M,Научные исследования и разработки в области общественных наук
72.20.19,72.20.1,M,Научные исследования и разработки в области общественных наук прочие
72.20.2,72.20,M,Научные исследования и разработки в области гуманитарных наук
73,M,M,Деятельность рекламная и исследование конъюнктуры рынка
73.1,73,M,Деятельность рекламная
73.11,73.1,M,Деятельность рекламных агентств
73.12,73.1,M,Представление в средствах массовой информации
73.2,73,M,Исследование конъюнктуры рынка и изучение общественного мнения
73.20,73.2,M,Исследование конъюнктуры рынка и изучение общественного мнения
73.20.1,73.20,M,Исследование конъюнктуры рынка
73.20.2,73.20,M,Деятельность по изучению общественного мнения
74,M,M,Деятельность профессиональная научная и техническая прочая
74.1,74,M,Деятельность специализированная в области дизайна
74.10,74.1,M,Деятельность специализированная в области дизайна
74.2,74,M,Деятельность в области фотографии
74.20,74.2,M,Деятельность в области фотографии
74.3,74,M,Деятельность по письменному и устному переводу
74.30,74.3,M,Деятельность по письменному и устному переводу
74.9,74,M,"Деятельность профессиональная, научная и техническая прочая, не включенная в другие группировки"
74.90,74.9,M,"Деятельность профессиональная, научная и техническая прочая, не включенная в другие группировки"
74.90.1,74.90,M,"Предоставление посреднических услуг по организации покупки и продажи мелких или средних коммерческих предприятий, включая профессиональную практику"
74.90.2,74.90,M,"Деятельность, направленная на установление рыночной или иной стоимости (оценочная деятельность), кроме оценки, связанной с недвижимым имуществом или страхованием"
74.90.21,74.90.2,M,"Деятельность, направленная на установление рыночной или иной стоимости отдельных материальных объектов (вещей)"
74.90.22,74.90.2,M,"Деятельность, направленная на установление рыночной или иной стоимости совокупности вещей, составляющих имущество лица, в том числе имущество определенного вида (движимое или недвижимое, в том числе предприятия)"
74.90.23,74.90.2,M,"Деятельность, направленная на установление рыночной или иной стоимости права собственности или иных вещных прав на имущество или отдельные вещи из состава имущества"
74.90.24,74.90.2,M,"Деятельность, направленная на установление рыночной или иной стоимости прав требования, обязательств (долгов)"
74.90.25,74.90.2,M,"Деятельность, направленная на установление рыночной или иной стоимости работ, услуг, информации"
74.90.26,74.90.2,M,"Деятельность, направленная на установление рыночной или иной стоимости иных объектов гражданских прав, в отношении которых законодательством Российской Федерации установлена возможность их участия в гражданском обороте"
74.90.3,74.90,M,Предоставление консультационных услуг по вопросам безопасности
74.90.31,74.90.3,M,Предоставление услуг по проведению оценки уязвимости объектов транспортной инфраструктуры и транспортных средств
74.90.32,74.90.3,M,"Предоставление услуг по проведению оценки уязвимости объектов промышленного назначения, связи, здравоохранения и т. д."
74.90.4,74.90,M,Предоставление консультационных услуг в области сельского хозяйства
74.90.5,74.90,M,Предоставление консультационных услуг в области экологии
74.90.6,74.90,M,"Предоставление прочих технических консультаций, деятельность консультантов, кроме архитекторов, проектировщиков и консультантов по управлению"
74.90.7,74.90,M,Деятельность по подготовке метеорологических прогнозов
74.90.8,74.90,M,"Деятельность агентств и агентов, действующих от имени физических лиц, и обычно связанную с заключением контрактов (договоров) на участие в кинофильмах, театральных постановках и других развлекательных или спортивных мероприятиях, а также с предложени ем книг, пьес, предметов изобразительного искусства, фотографий и аналогичных предметов издателям, продюсерам"
74.90.9,74.90,M,Деятельность в области защиты информации
74.90.91,74.90.9,M,Деятельность по разработке средств защиты информации
74.90.92,74.90.9,M,"Деятельность по разработке информационных и телекоммуникационных систем, защищенных с использованием средств защиты информации"
74.90.99,74.90.9,M,Деятельность в области защиты информации прочая
75,M,M,Деятельность ветеринарная
75.0,75,M,Деятельность ветеринарная
75.00,75.0,M,Деятельность ветеринарная
75.00.1,75.00,M,Деятельность ветеринарная для сельскохозяйственных животных
75.00.2,75.00,M,Деятельность ветеринарная для домашних животных
77,N,N,Аренда и лизинг
77.1,77,N,Аренда и лизинг автотранспортных средств
77.11,77.1,N,Аренда и лизинг легковых автомобилей и легких автотранспортных средств
77.12,77.1,N,Аренда и лизинг грузовых транспортных средств
77.2,77,N,Прокат и аренда предметов личного пользования и хозяйственно-бытового назначения
77.21,77.2,N,Прокат и аренда товаров для отдыха и спортивных товаров
77.22,77.2,N,"Прокат видеокассет и аудиокассет, грампластинок, компакт-дисков (CD), цифровых видеодисков (DVD)"
77.29,77.2,N,Прокат и аренда прочих предметов личного пользования и хозяйственно-бытового назначения
77.29.1,77.29,N,"Прокат телевизоров, радиоприемников, устройств видеозаписи, аудиозаписи и подобного оборудования"
77.29.2,77.29,N,"Прокат мебели, электрических и неэлектрических бытовых приборов"
77.29.3,77.29,N,Прокат музыкальных инструментов
77.29.4,77.29,N,"Прокат одежды, даже если чистка таких изделий является составной частью этого вида деятельности"
77.29.9,77.29,N,"Прокат прочих бытовых изделий и предметов личного пользования для домашних хозяйств, предприятий и организаций, не включенных в другие группировки"
77.3,77,N,Аренда и лизинг прочих машин и оборудования и материальных средств
77.31,77.3,N,Аренда и лизинг сельскохозяйственных машин и оборудования
77.32,77.3,N,Аренда и лизинг строительных машин и оборудования
77.33,77.3,N,"Аренда и лизинг офисных машин и оборудования, включая вычислительную технику"
77.33.1,77.33,N,Аренда и лизинг офисных машин и оборудования
77.33.2,77.33,N,Аренда и лизинг вычислительных машин и оборудования
77.34,77.3,N,Аренда и лизинг водных транспортных средств и оборудования
77.35,77.3,N,Аренда и лизинг воздушных судов и авиационного оборудования
77.39,77.3,N,"Аренда и лизинг прочих видов транспорта, оборудования и материальных средств, не включенных в другие группировки"
77.39.1,77.39,N,Аренда и лизинг прочих сухопутных транспортных средств и оборудования
77.39.11,77.39.1,N,Аренда и лизинг прочего автомобильного транспорта и оборудования
77.39.12,77.39.1,N,Аренда и лизинг железнодорожного транспорта и оборудования
77.39.2,77.39,N,"Аренда и лизинг прочих машин и оборудования, не включенных в другие группировки"
77.39.21,77.39.2,N,"Аренда и лизинг двигателей, турбин и станков"
77.39.22,77.39.2,N,Аренда и лизинг горного и нефтепромыслового оборудования
77.39.23,77.39.2,N,Аренда и лизинг подъемно-транспортного оборудования
77.39.24,77.39.2,N,Аренда и лизинг профессиональной радио- и телевизионной аппаратуры и аппаратуры связи
77.39.25,77.39.2,N,Аренда и лизинг контрольно-измерительной аппаратуры
77.39.26,77.39.2,N,"Аренда и лизинг приборов, аппаратов и прочего оборудования, применяемого в медицинских целях"
77.39.27,77.39.2,N,Аренда и лизинг торгового оборудования
77.39.29,77.39.2,N,Аренда и лизинг прочих машин и оборудования научного и промышленного назначения
77.39.3,77.39,N,Аренда и лизинг племенных сельскохозяйственных животных
77.4,77,N,"Аренда интеллектуальной собственности и подобной продукции, кроме авторских прав"
77.40,77.4,N,"Аренда интеллектуальной собственности и подобной продукции, кроме авторских прав"
78,N,N,Деятельность по трудоустройству и подбору персонала
78.1,78,N,Деятельность агентств по подбору персонала
78.10,78.1,N,Деятельность агентств по подбору персонала
78.2,78,N,Деятельность агентств по временному трудоустройству
78.20,78.2,N,Деятельность агентств по временному трудоустройству
78.3,78,N,Деятельность по подбору персонала прочая
78.30,78.3,N,Деятельность по подбору персонала прочая
79,N,N,"Деятельность туристических агентств и прочих организаций, предоставляющих услуги в сфере туризма"
79.1,79,N,Деятельность туристических агентств и туроператоров
79.11,79.1,N,Деятельность туристических агентств
79.12,79.1,N,Деятельность туроператоров
79.9,79,N,Услуги по бронированию прочие и сопутствующая деятельность
79.90,79.9,N,Услуги по бронированию прочие и сопутствующая деятельность
79.90.1,79.90,N,Деятельность по предоставлению туристических информационных услуг
79.90.2,79.90,N,Деятельность по предоставлению экскурсионных туристических услуг
79.90.21,79.90.2,N,Деятельность туристических агентств по предоставлению экскурсионных туристических услуг
79.90.22,79.90.2,N,Деятельность самостоятельных экскурсоводов и гидов по предоставлению экскурсионных туристических услуг
79.90.3,79.90,N,"Деятельность по предоставлению туристических услуг, связанных с бронированием"
79.90.31,79.90.3,N,Деятельность по бронированию билетов на культурно-развлекательные мероприятия
79.90.32,79.90.3,N,"Деятельность по оказанию прочих услуг, связанных со службой предварительных заказов"
80,N,N,Деятельность по обеспечению безопасности и проведению расследований
80.1,80,N,Деятельность частных охранных служб
80.10,80.1,N,Деятельность частных охранных служб
80.2,80,N,Деятельность систем обеспечения безопасности
80.20,80.2,N,Деятельность систем обеспечения безопасности
80.3,80,N,Деятельность по расследованию
80.30,80.3,N,Деятельность по расследованию
81,N,N,Деятельность по обслуживанию зданий и территорий
81.1,81,N,Деятельность по комплексному обслуживанию помещений
81.10,81.1,N,Деятельность по комплексному обслуживанию помещений
81.2,81,N,Деятельность по чистке и уборке
81.21,81.2,N,Деятельность по общей уборке зданий
81.21.1,81.21,N,Деятельность по уборке квартир и частных домов
81.21.9,81.21,N,Деятельность по уборке прочих типов зданий и помещений
81.22,81.2,N,Деятельность по чистке и уборке жилых зданий и нежилых помещений прочая
81.29,81.2,N,Деятельность по чистке и уборке прочая
81.29.1,81.29,N,"Дезинфекция, дезинсекция, дератизация зданий, промышленного оборудования"
81.29.2,81.29,N,Подметание улиц и уборка снега
81.29.9,81.29,N,"Деятельность по чистке и уборке прочая, не включенная в другие группировки"
81.3,81,N,Предоставление услуг по благоустройству ландшафта
81.30,81.3,N,Деятельность по благоустройству ландшафта
82,N,N,"Деятельность административно-хозяйственная, вспомогательная деятельность по обеспечению функционирования организации, деятельность по предоставлению прочих вспомогательных услуг для бизнеса"
82.1,82,N,Деятельность административно-хозяйственная и вспомогательная деятельность по обеспечению функционирования организации
82.11,82.1,N,Деятельность административно-хозяйственная комплексная по обеспечению работы организации
82.19,82.1,N,Деятельность по фотокопированию и подготовке документов и прочая специализированная вспомогательная деятельность по обеспечению деятельности офиса
82.2,82,N,Деятельность центров обработки телефонных вызовов
82.20,82.2,N,Деятельность центров обработки телефонных вызовов
82.3,82,N,Деятельность по организации конференций и выставок
82.30,82.3,N,Деятельность по организации конференций и выставок
82.9,82,N,"Деятельность по предоставлению вспомогательных услуг для бизнеса, не включенная в другие группировки"
82.91,82.9,N,Деятельность агентств по сбору платежей и бюро кредитной информации
82.92,82.9,N,Деятельность по упаковыванию товаров
82.99,82.9,N,"Деятельность по предоставлению прочих вспомогательных услуг для бизнеса, не включенная в другие группировки"
84,O,O,"Деятельность органов государственного управления по обеспечению военной безопасности, обязательному социальному обеспечению"
84.1,84,O,Деятельность органов государственного управления и местного самоуправления по вопросам общего и социально-экономического характера
84.11,84.1,O,Деятельность органов государственного управления и местного самоуправления по вопросам общего характера
84.11.1,84.11,O,"Деятельность федеральных органов государственной власти по управлению вопросами общего характера, кроме судебной власти"
84.11.11,84.11.1,O,"Деятельность федеральных органов государственной власти, кроме полномочных представителей Президента Российской Федерации и территориальных органов федеральных органов исполнительной власти"
84.11.12,84.11.1,O,"Деятельность полномочных представителей Президента Российской Федерации в регионах Российской Федерации и территориальных органов федеральных органов исполнительной власти в субъектах Российской Федерации (республиках, краях, областях)"
84.11.13,84.11.1,O,Деятельность территориальных органов федеральных органов исполнительной власти в городах и районах субъектов Российской Федерации
84.11.2,84.11,O,"Деятельность органов государственной власти по управлению вопросами общего характера, кроме судебной власти, субъектов Российской Федерации"
84.11.21,84.11.2,O,"Деятельность органов государственной власти субъектов Российской Федерации (республик, краев, областей), кроме судебной власти, представительств исполнительных органов государственной власти субъектов Российской Федерации при Президенте Российской Фе дерации"
84.11.22,84.11.2,O,Деятельность органов государственной власти субъектов Российской Федерации по осуществлению своих полномочий в городах и районах
84.11.23,84.11.2,O,Деятельность органов государственной власти субъектов Российской Федерации по осуществлению своих полномочий в сельских населенных пунктах
84.11.3,84.11,O,Деятельность органов местного самоуправления по управлению вопросами общего характера
84.11.31,84.11.3,O,Деятельность органов местного самоуправления сельских поселений
84.11.32,84.11.3,O,Деятельность органов местного самоуправления городских поселений
84.11.33,84.11.3,O,Деятельность органов местного самоуправления муниципальных районов
84.11.34,84.11.3,O,Деятельность органов местного самоуправления муниципальных округов
84.11.35,84.11.3,O,Деятельность органов местного самоуправления городских округов
84.11.36,84.11.3,O,Деятельность органов местного самоуправления городских округов с внутригородским делением
84.11.37,84.11.3,O,Деятельность органов местного самоуправления внутригородских районов
84.11.38,84.11.3,O,Деятельность органов местного самоуправления внутригородских территорий городов федерального значения
84.11.4,84.11,O,Управление финансовой деятельностью и деятельностью в сфере налогообложения
84.11.5,84.11,O,Управление деятельностью в области прогнозирования и планирования
84.11.6,84.11,O,Управление деятельностью в области фундаментальных исследований
84.11.7,84.11,O,Управление деятельностью в области статистики
84.11.8,84.11,O,"Управление имуществом, находящимся в государственной собственности"
84.11.9,84.11,O,Управление деятельностью в области антимонопольного контроля
84.12,84.1,O,"Государственное регулирование деятельности в области здравоохранения, образования, социально-культурного развития и других социальных услуг, кроме социального обеспечения"
84.13,84.1,O,Регулирование и содействие эффективному ведению экономической деятельности предприятий
84.2,84,O,Предоставление государственных услуг обществу
84.21,84.2,O,Деятельность международная
84.22,84.2,O,"Деятельность, связанная с обеспечением военной безопасности"
84.23,84.2,O,Деятельность в области юстиции и правосудия
84.23.1,84.23,O,Деятельность федеральных судов
84.23.11,84.23.1,O,Деятельность Конституционного суда Российской Федерации
84.23.12,84.23.1,O,Деятельность Верховного суда Российской Федерации
84.23.13,84.23.1,O,"Деятельность кассационных судов общей юрисдикции, апелляционных судов общей юрисдикции, верховных судов республик, краевых, областных судов, судов городов федерального значения, суда автономной области, судов автономных округов"
84.23.14,84.23.1,O,Деятельность районных судов
84.23.15,84.23.1,O,Деятельность военных судов
84.23.17,84.23.1,O,Деятельность федеральных арбитражных судов округов
84.23.18,84.23.1,O,"Деятельность арбитражных апелляционных судов, арбитражных судов субъектов Российской Федерации"
84.23.19,84.23.1,O,Деятельность специализированных судов
84.23.2,84.23,O,Деятельность судов субъектов Российской Федерации
84.23.21,84.23.2,O,Деятельность конституционных (уставных) судов
84.23.22,84.23.2,O,Деятельность мировых судей
84.23.3,84.23,O,Деятельность органов прокуратуры Российской Федерации
84.23.31,84.23.3,O,Деятельность Генеральной прокуратуры Российской Федерации
84.23.32,84.23.3,O,Деятельность прокуратур субъектов Российской Федерации
84.23.33,84.23.3,O,Деятельность прокуратур городов и районов
84.23.4,84.23,O,"Деятельность по управлению и эксплуатации тюрем, исправительных колоний и других мест лишения свободы, а также по оказанию реабилитационной помощи бывшим заключенным"
84.23.5,84.23,O,Деятельность Следственного комитета Российской Федерации
84.23.51,84.23.5,O,Деятельность центрального аппарата Следственного комитета Российской Федерации
84.23.52,84.23.5,O,"Деятельность Главного военного следственного управления, главных следственных управлений и следственных управлений Следственного комитета Российской Федерации по субъектам Российской Федерации (в том числе подразделений указанных управлений по админи стративным округам) и приравненных к ним специализированных (в том числе военных) следственных управлений и следственных отделов Следственного комитета Российской Федерации"
84.24,84.2,O,Деятельность по обеспечению общественного порядка и безопасности
84.25,84.2,O,Деятельность по обеспечению безопасности в чрезвычайных ситуациях; деятельность по обеспечению безопасности в области использования атомной энергии
84.25.1,84.25,O,Деятельность по обеспечению пожарной безопасности
84.25.2,84.25,O,Деятельность по обеспечению безопасности на водных объектах
84.25.3,84.25,O,Деятельность по обеспечению безопасности в области использования атомной энергии
84.25.9,84.25,O,Деятельность по обеспечению безопасности в чрезвычайных ситуациях прочая
84.3,84,O,Деятельность в области обязательного социального обеспечения
84.30,84.3,O,Деятельность в области обязательного социального обеспечения
85,P,P,Образование
85.1,85,P,Образование общее
85.11,85.1,P,Образование дошкольное
85.12,85.1,P,Образование начальное общее
85.13,85.1,P,Образование основное общее
85.14,85.1,P,Образование среднее общее
85.2,85,P,Образование профессиональное
85.21,85.2,P,Образование профессиональное среднее
85.22,85.2,P,Образование высшее
85.22.1,85.22,P,Образование высшее - бакалавриат
85.22.2,85.22,P,Образование высшее - специалитет
85.22.3,85.22,P,Образование высшее - магистратура
85.23,85.2,P,Подготовка кадров высшей квалификации
85.3,85,P,Обучение профессиональное
85.30,85.3,P,Обучение профессиональное
85.4,85,P,Образование дополнительное
85.41,85.4,P,Образование дополнительное детей и взрослых
85.41.1,85.41,P,Образование в области спорта и отдыха
85.41.2,85.41,P,Образование в области культуры
85.41.9,85.41,P,"Образование дополнительное детей и взрослых прочее, не включенное в другие группировки"
85.41.91,85.41.9,P,Деятельность по организации отдыха детей и их оздоровления
85.42,85.4,P,Образование профессиональное дополнительное
85.42.1,85.42,P,Деятельность школ подготовки водителей автотранспортных средств
85.42.2,85.42,P,"Деятельность школ обучения вождению воздушных и плавательных судов, без выдачи коммерческих сертификатов и лицензий"
85.42.9,85.42,P,"Деятельность по дополнительному профессиональному образованию прочая, не включенная в другие группировки"
86,Q,Q,Деятельность в области здравоохранения
86.1,86,Q,Деятельность больничных организаций
86.10,86.1,Q,Деятельность больничных организаций
86.2,86,Q,Медицинская и стоматологическая практика
86.21,86.2,Q,Общая врачебная практика
86.22,86.2,Q,Специальная врачебная практика
86.23,86.2,Q,Стоматологическая практика
86.9,86,Q,Деятельность в области медицины прочая
86.90,86.9,Q,Деятельность в области медицины прочая
86.90.1,86.90,Q,Деятельность организаций санитарно-эпидемиологической службы
86.90.2,86.90,Q,Деятельность организаций судебно-медицинской экспертизы
86.90.3,86.90,Q,Деятельность массажных салонов
86.90.4,86.90,Q,Деятельность санаторно-курортных организаций
86.90.9,86.90,Q,"Деятельность в области медицины прочая, не включенная в другие группировки"
87,Q,Q,Деятельность по уходу с обеспечением проживания
87.1,87,Q,Деятельность по медицинскому уходу с обеспечением проживания
87.10,87.1,Q,Деятельность по медицинскому уходу с обеспечением проживания
87.2,87,Q,"Деятельность по оказанию помощи на дому для лиц с ограниченными возможностями развития, душевнобольным и наркозависимым"
87.20,87.2,Q,"Деятельность по оказанию помощи на дому для лиц с ограниченными возможностями развития, душевнобольным и наркозависимым"
87.3,87,Q,Деятельность по уходу за престарелыми и инвалидами с обеспечением проживания
87.30,87.3,Q,Деятельность по уходу за престарелыми и инвалидами с обеспечением проживания
87.9,87,Q,Деятельность по уходу с обеспечением проживания прочая
87.90,87.9,Q,Деятельность по уходу с обеспечением проживания прочая
88,Q,Q,Предоставление социальных услуг без обеспечения проживания
88.1,88,Q,Предоставление социальных услуг без обеспечения проживания престарелым и инвалидам
88.10,88.1,Q,Предоставление социальных услуг без обеспечения проживания престарелым и инвалидам
88.9,88,Q,Предоставление прочих социальных услуг без обеспечения проживания
88.91,88.9,Q,Предоставление услуг по дневному уходу за детьми
88.99,88.9,Q,"Предоставление прочих социальных услуг без обеспечения проживания, не включенных в другие группировки"
90,R,R,"Деятельность творческая, деятельность в области искусства и организации развлечений"
90.0,90,R,"Деятельность творческая, деятельность в области искусства и организации развлечений"
90.01,90.0,R,Деятельность в области исполнительских искусств
90.02,90.0,R,"Деятельность вспомогательная, связанная с исполнительскими искусствами"
90.03,90.0,R,Деятельность в области художественного творчества
90.04,90.0,R,Деятельность учреждений культуры и искусства
90.04.1,90.04,R,"Деятельность концертных залов, театров, оперных зданий, мюзик-холлов, включая услуги билетных касс"
90.04.2,90.04,R,Деятельность многоцелевых центров и подобных заведений с преобладанием культурного обслуживания
90.04.3,90.04,R,"Деятельность учреждений клубного типа: клубов, дворцов и домов культуры, домов народного творчества"
91,R,R,"Деятельность библиотек, архивов, музеев и прочих объектов культуры"
91.0,91,R,"Деятельность библиотек, архивов, музеев и прочих объектов культуры"
91.01,91.0,R,Деятельность библиотек и архивов
91.02,91.0,R,Деятельность музеев
91.03,91.0,R,"Деятельность по охране исторических мест и зданий, памятников культуры"
91.04,91.0,R,"Деятельность ботанических садов, зоопарков, государственных природных заповедников и национальных парков"
91.04.1,91.04,R,Деятельность зоопарков
91.04.2,91.04,R,Деятельность государственных природных заповедников (в том числе биосферных)
91.04.3,91.04,R,Деятельность национальных парков
91.04.4,91.04,R,Деятельность природных парков
91.04.5,91.04,R,Деятельность природных заказников
91.04.6,91.04,R,Деятельность дендрологических парков и ботанических садов
92,R,R,"Деятельность по организации и проведению азартных игр и заключению пари, по организации и проведению лотерей"
92.1,92,R,Деятельность по организации и проведению азартных игр и заключения пари
92.11,92.1,R,Деятельность казино
92.12,92.1,R,Деятельность залов игровых автоматов
92.13,92.1,R,Деятельность по организации заключения пари
92.2,92,R,Деятельность по организации и проведению лотерей
92.21,92.2,R,Деятельность организаторов лотерей
92.22,92.2,R,Деятельность операторов лотерей
92.23,92.2,R,Деятельность распространителей лотерейных билетов
93,R,R,"Деятельность в области спорта, отдыха и развлечений"
93.1,93,R,Деятельность в области спорта
93.11,93.1,R,Деятельность спортивных объектов
93.12,93.1,R,Деятельность спортивных клубов
93.13,93.1,R,Деятельность фитнес-центров
93.19,93.1,R,Деятельность в области спорта прочая
93.2,93,R,Деятельность в области отдыха и развлечений
93.21,93.2,R,Деятельность парков культуры и отдыха и тематических парков
93.29,93.2,R,Деятельность зрелищно-развлекательная прочая
93.29.1,93.29,R,Деятельность парков отдыха и пляжей
93.29.2,93.29,R,"Деятельность танцплощадок, дискотек, школ танцев"
93.29.3,93.29,R,"Организация обрядов (свадеб, юбилеев), в т.ч. музыкальное сопровождение"
93.29.9,93.29,R,"Деятельность зрелищно-развлекательная прочая, не включенная в другие группировки"
94,S,S,Деятельность общественных организаций
94.1,94,S,"Деятельность коммерческих, предпринимательских и профессиональных организаций"
94.11,94.1,S,Деятельность коммерческих и предпринимательских членских организаций
94.12,94.1,S,Деятельность профессиональных членских организаций
94.2,94,S,Деятельность профессиональных союзов
94.20,94.2,S,Деятельность профессиональных союзов
94.9,94,S,Деятельность прочих общественных организаций
94.91,94.9,S,Деятельность религиозных организаций
94.92,94.9,S,Деятельность политических организаций
94.99,94.9,S,"Деятельность прочих общественных организаций, не включенных в другие группировки"
95,S,S,"Ремонт компьютеров, предметов личного потребления и хозяйственно-бытового назначения"
95.1,95,S,Ремонт компьютеров и коммуникационного оборудования
95.11,95.1,S,Ремонт компьютеров и периферийного компьютерного оборудования
95.12,95.1,S,Ремонт коммуникационного оборудования
95.2,95,S,Ремонт предметов личного потребления и хозяйственно-бытового назначения
95.21,95.2,S,Ремонт электронной бытовой техники
95.22,95.2,S,"Ремонт бытовых приборов, домашнего и садового инвентаря"
95.22.1,95.22,S,Ремонт бытовой техники
95.22.2,95.22,S,Ремонт домашнего и садового оборудования
95.23,95.2,S,Ремонт обуви и прочих изделий из кожи
95.24,95.2,S,Ремонт мебели и предметов домашнего обихода
95.24.1,95.24,S,Ремонт мебели
95.24.2,95.24,S,Ремонт предметов домашнего обихода
95.25,95.2,S,Ремонт часов и ювелирных изделий
95.25.1,95.25,S,Ремонт часов
95.25.2,95.25,S,Ремонт ювелирных изделий
95.29,95.2,S,Ремонт прочих предметов личного потребления и бытовых товаров
95.29.1,95.29,S,Ремонт одежды и текстильных изделий
95.29.11,95.29.1,S,Ремонт одежды
95.29.12,95.29.1,S,Ремонт текстильных изделий
95.29.13,95.29.1,S,Ремонт трикотажных изделий
95.29.2,95.29,S,Ремонт спортивного и туристского оборудования
95.29.3,95.29,S,Ремонт игрушек и подобных им изделий
95.29.4,95.29,S,Ремонт металлоизделий бытового и хозяйственного назначения
95.29.41,95.29.4,S,Ремонт предметов и изделий из металла
95.29.42,95.29.4,S,"Ремонт металлической галантереи, ключей, номерных знаков, указателей улиц"
95.29.43,95.29.4,S,"Заточка пил, чертежных и других инструментов, ножей, ножниц, бритв, коньков и т.п."
95.29.5,95.29,S,Ремонт бытовых осветительных приборов
95.29.6,95.29,S,Ремонт велосипедов
95.29.7,95.29,S,Ремонт и настройка музыкальных инструментов (кроме органов и исторических музыкальных инструментов)
95.29.9,95.29,S,"Ремонт прочих бытовых изделий и предметов личного пользования, не вошедших в другие группировки"
96,S,S,Деятельность по предоставлению прочих персональных услуг
96.0,96,S,Деятельность по предоставлению прочих персональных услуг
96.01,96.0,S,Стирка и химическая чистка текстильных и меховых изделий
96.02,96.0,S,Предоставление услуг парикмахерскими и салонами красоты
96.02.1,96.02,S,Предоставление парикмахерских услуг
96.02.2,96.02,S,Предоставление косметических услуг парикмахерскими и салонами красоты
96.03,96.0,S,Организация похорон и представление связанных с ними услуг
96.04,96.0,S,Деятельность физкультурно- оздоровительная
96.09,96.0,S,"Предоставление прочих персональных услуг, не включенных в другие группировки"
97,T,T,Деятельность домашних хозяйств с наемными работниками
97.0,97,T,Деятельность домашних хозяйств с наемными работниками
97.00,97.0,T,Деятельность домашних хозяйств с наемными работниками
98,T,T,Деятельность недифференцированная частных домашних хозяйств по производству товаров и предоставлению услуг для собственного потребления
98.1,98,T,Деятельность недифференцированная частных домашних хозяйств по производству товаров для собственного потребления
98.10,98.1,T,Деятельность недифференцированная частных домашних хозяйств по производству товаров для собственного потребления
98.2,98,T,Деятельность недифференцированная частных домашних хозяйств по предоставлению услуг для собственного потребления
98.20,98.2,T,Деятельность недифференцированная частных домашних хозяйств по предоставлению услуг для собственного потребления
99,U,U,Деятельность экстерриториальных организаций и органов
99.0,99,U,Деятельность экстерриториальных организаций и органов
99.00,99.0,U,Деятельность экстерриториальных организаций и органов
A,"",A,"СЕЛЬСКОЕ, ЛЕСНОЕ ХОЗЯЙСТВО, ОХОТА, РЫБОЛОВСТВО И РЫБОВОДСТВО"
B,"",B,ДОБЫЧА ПОЛЕЗНЫХ ИСКОПАЕМЫХ
C,"",C,ОБРАБАТЫВАЮЩИЕ ПРОИЗВОДСТВА
D,"",D,"ОБЕСПЕЧЕНИЕ ЭЛЕКТРИЧЕСКОЙ ЭНЕРГИЕЙ, ГАЗОМ И ПАРОМ; КОНДИЦИОНИРОВАНИЕ ВОЗДУХА"
E,"",E,"ВОДОСНАБЖЕНИЕ; ВОДООТВЕДЕНИЕ, ОРГАНИЗАЦИЯ СБОРА И УТИЛИЗАЦИИ ОТХОДОВ, ДЕЯТЕЛЬНОСТЬ ПО ЛИКВИДАЦИИ ЗАГРЯЗНЕНИЙ"
F,"",F,СТРОИТЕЛЬСТВО
G,"",G,ТОРГОВЛЯ ОПТОВАЯ И РОЗНИЧНАЯ; РЕМОНТ АВТОТРАНСПОРТНЫХ СРЕДСТВ И МОТОЦИКЛОВ
H,"",H,ТРАНСПОРТИРОВКА И ХРАНЕНИЕ
I,"",I,ДЕЯТЕЛЬНОСТЬ ГОСТИНИЦ И ПРЕДПРИЯТИЙ ОБЩЕСТВЕННОГО ПИТАНИЯ
J,"",J,ДЕЯТЕЛЬНОСТЬ В ОБЛАСТИ ИНФОРМАЦИИ И СВЯЗИ
K,"",K,ДЕЯТЕЛЬНОСТЬ ФИНАНСОВАЯ И СТРАХОВАЯ
L,"",L,ДЕЯТЕЛЬНОСТЬ ПО ОПЕРАЦИЯМ С НЕДВИЖИМЫМ ИМУЩЕСТВОМ
M,"",M,"ДЕЯТЕЛЬНОСТЬ ПРОФЕССИОНАЛЬНАЯ, НАУЧНАЯ И ТЕХНИЧЕСКАЯ"
N,"",N,ДЕЯТЕЛЬНОСТЬ АДМИНИСТРАТИВНАЯ И СОПУТСТВУЮЩИЕ ДОПОЛНИТЕЛЬНЫЕ УСЛУГИ
O,"",O,ГОСУДАРСТВЕННОЕ УПРАВЛЕНИЕ И ОБЕСПЕЧЕНИЕ ВОЕННОЙ БЕЗОПАСНОСТИ; СОЦИАЛЬНОЕ ОБЕСПЕЧЕНИЕ
P,"",P,ОБРАЗОВАНИЕ
Q,"",Q,ДЕЯТЕЛЬНОСТЬ В ОБЛАСТИ ЗДРАВООХРАНЕНИЯ И СОЦИАЛЬНЫХ УСЛУГ
R,"",R,"ДЕЯТЕЛЬНОСТЬ В ОБЛАСТИ КУЛЬТУРЫ, СПОРТА, ОРГАНИЗАЦИИ ДОСУГА И РАЗВЛЕЧЕНИЙ"
S,"",S,ПРЕДОСТАВЛЕНИЕ ПРОЧИХ ВИДОВ УСЛУГ
T,"",T,ДЕЯТЕЛЬНОСТЬ ДОМАШНИХ ХОЗЯЙСТВ КАК РАБОТОДАТЕЛЕЙ; НЕДИФФЕРЕНЦИРОВАННАЯ ДЕЯТЕЛЬНОСТЬ ЧАСТНЫХ ДОМАШНИХ ХОЗЯЙСТВ ПО ПРОИЗВОДСТВУ ТОВАРОВ И ОКАЗАНИЮ УСЛУГ ДЛЯ СОБСТВЕННОГО ПОТРЕБЛЕНИЯ
U,"",U,ДЕЯТЕЛЬНОСТЬ ЭКСТЕРРИТОРИАЛЬНЫХ ОРГАНИЗАЦИЙ И ОРГАНОВ
